"Area","Country","PersonID","Gender","DOB","Surname","GivenName","School","GP","Terminal","Hist","Last","This","UUID","NhsNumber","randID","anotheTest","PatientRcorded","PerformingOrg","RequestingHCP","OrgRequesting","Request","Specimen","CollectingHCP","OrgCollecting","obs","PerformingHCP","Report","BundleSent","Observation","listing_provided","json_provided"
"Abbey","England","0","Male","1977-11-05 00:00:00","Holloway","Aaron","Abbey School","Abbey GP","False","{'UUID': [{'value': UUID('5dc9c081-3730-46f9-ac9a-39f2ce0defa2'), 'date': '1977-11-05T00:00:00', 'id': UUID('3335e148-9632-4c1d-a18b-4ff636554374')}], 'NhsNumber': [{'value': '7832003812', 'date': '1977-11-05T00:00:00', 'id': UUID('7c725a20-2f72-47c0-9de6-1cc91b557761')}], 'randID': [{'value': 5.374181259351913, 'date': '1977-11-05T00:00:00', 'id': UUID('34dacb9f-f250-41d4-a558-a8eebb1b07ff')}], 'anotheTest': [{'value': {'Value': UUID('966f006f-3724-44a1-a5b3-e0a615597dc1')}, 'date': '1977-11-05T00:00:00', 'id': UUID('95760795-51cc-4742-909d-9cd187e719cf')}]}","{'UUID': {'value': UUID('5dc9c081-3730-46f9-ac9a-39f2ce0defa2'), 'date': '1977-11-05T00:00:00', 'id': UUID('3335e148-9632-4c1d-a18b-4ff636554374')}, 'NhsNumber': {'value': '7832003812', 'date': '1977-11-05T00:00:00', 'id': UUID('7c725a20-2f72-47c0-9de6-1cc91b557761')}, 'randID': {'value': 5.374181259351913, 'date': '1977-11-05T00:00:00', 'id': UUID('34dacb9f-f250-41d4-a558-a8eebb1b07ff')}, 'anotheTest': {'value': {'Value': UUID('966f006f-3724-44a1-a5b3-e0a615597dc1')}, 'date': '1977-11-05T00:00:00', 'id': UUID('95760795-51cc-4742-909d-9cd187e719cf')}}","{'name': 'anotheTest', 'value': {'Value': UUID('966f006f-3724-44a1-a5b3-e0a615597dc1')}, 'date': '1977-11-05T00:00:00', 'id': UUID('95760795-51cc-4742-909d-9cd187e719cf')}","5dc9c081-3730-46f9-ac9a-39f2ce0defa2","7832003812","5.374181259351913","{'Value': UUID('966f006f-3724-44a1-a5b3-e0a615597dc1')}","","","","","","","","","","","","","","",""
"Abbey","England","1","Female","1972-11-09 00:00:00","Turnbull","Eve","Abbey School","Abbey GP","False","{'UUID': [{'value': UUID('6beb8539-31d7-4ff4-9b3e-029a4470c081'), 'date': '1972-11-09T00:00:00', 'id': UUID('3a4abea7-73da-498a-9c71-30c9b9bced76')}], 'NhsNumber': [{'value': '7832003812', 'date': '1972-11-09T00:00:00', 'id': UUID('baeceb68-368e-4882-9f0f-dee51b2f25b9')}], 'randID': [{'value': 4.741093421321851, 'date': '1972-11-09T00:00:00', 'id': UUID('258aa34d-b786-456a-a045-5992a76cc11e')}], 'anotheTest': [{'value': {'Value': UUID('3bafe1e8-5631-4f64-907d-158ca748b751')}, 'date': '1972-11-09T00:00:00', 'id': UUID('f747fca3-b6ec-4923-9f94-bad987a78861')}], 'PatientRcorded': [{'value': 'TRUE', 'date': '1972-11-09T00:30:00', 'id': UUID('f1f0c87d-de15-4bdf-b4d1-8b3bee664164')}], 'PerformingOrg': [{'value': {'Code': 'TKD13', 'DisplayName': 'Midtown District Hospital', 'AddressLine': 'Beckett Street', 'AddressCity': 'Leeds', 'AddressDistrict': 'West YorkShire', 'AddressPostalCode': 'LS9 7TF'}, 'date': '1972-11-09T00:30:00', 'id': UUID('07507c08-bd43-48bb-8d51-435a18358901')}], 'RequestingHCP': [{'value': {'Code': 'G6040649', 'DisplayName': 'Dr Jane Green'}, 'date': '1972-11-09T00:30:00', 'id': UUID('fad36a08-07ca-47f4-b04f-99393a47362d')}], 'OrgRequesting': [{'value': {'Code': 'D82015', 'DisplayName': 'Manor GP Practice', 'AddressLine': '30/32 Bridge Street', 'AddressCity': 'Downham Market', 'AddressDistrict': 'Norfolk', 'AddressPostalCode': 'PE38 9DH'}, 'date': '1972-11-09T00:30:00', 'id': UUID('68348718-08d5-4285-a69b-ec744b338c7d')}], 'Request': [{'value': {'Code': '26604007', 'DisplayName': 'FBC - Full blood count', 'text': 'FBC'}, 'date': '1972-11-09T00:30:00', 'id': UUID('31f2ab4d-5a84-4fd4-ae1c-fc9f2351b35e')}], 'Specimen': [{'value': {'Code': '53130003', 'DisplayName': 'Venous blood (substance)'}, 'date': '1972-11-09T00:30:00', 'id': UUID('e8ef4a44-8ba1-4ad7-abc5-c8c2b9305ea7')}], 'CollectingHCP': [{'value': {'Code': 'J7040649', 'DisplayName': 'Alice Jones'}, 'date': '1972-11-09T00:30:00', 'id': UUID('62eab729-ed87-405c-ab51-590dc03f3d2c')}], 'OrgCollecting': [{'value': {'Code': 'D82015', 'DisplayName': 'Manor GP Practice', 'AddressLine': '30/32 Bridge Street', 'AddressCity': 'Downham Market', 'AddressDistrict': 'Norfolk', 'AddressPostalCode': 'PE38 9DH'}, 'date': '1972-11-09T00:30:00', 'id': UUID('bda5c3ae-a39f-486c-95ad-bcb84d97992c')}], 'obs': [{'value': {'code': '1000381000000105', 'DisplayName': 'Se prostate specific Ag level', 'value': 78, 'unit': 'ug/L', 'unit_code': 'ug/L', 'system': 'http://unitsofmeasure.org'}, 'date': '1972-11-09T00:36:00', 'id': UUID('37836ac0-a915-46b1-9b8d-f07edbf626c0')}], 'PerformingHCP': [{'value': {'Code': 'J7040649', 'DisplayName': 'Alice Jones'}, 'date': '1972-11-09T00:36:00', 'id': UUID('c6da9479-9f85-482f-a710-f03723d4b3c7')}], 'Report': [{'value': {'Code': '1028441000000104', 'DisplayName': 'Potassium Level (Observable entity)'}, 'date': '1972-11-09T00:36:00', 'id': UUID('e84e49f1-e9e8-46db-bd54-6d95da578b5f')}], 'BundleSent': [{'value': 'TRUE', 'date': '1972-11-09T00:36:00', 'id': UUID('98571f4e-be60-4c03-a26d-05393c5b0d3a')}], 'Observation': [{'value': {'Value': '4.8', 'Unit': 'mmol/L', 'ReferenceLow': '3.5', 'ReferenceHigh': '5.3'}, 'date': '1972-11-09T00:36:00', 'id': UUID('9b0d7445-5f58-4a2c-b0a5-d692a45462ac')}], 'listing_provided': [{'value': 'TRUE', 'date': '1972-11-09T08:36:00', 'id': UUID('623f3e85-1435-4dba-95fe-c22d3467b040')}], 'json_provided': [{'value': 'TRUE', 'date': '1972-11-09T08:36:00', 'id': UUID('970d0920-a488-435e-9f76-89384fa49e4f')}]}","{'UUID': {'value': UUID('6beb8539-31d7-4ff4-9b3e-029a4470c081'), 'date': '1972-11-09T00:00:00', 'id': UUID('3a4abea7-73da-498a-9c71-30c9b9bced76')}, 'NhsNumber': {'value': '7832003812', 'date': '1972-11-09T00:00:00', 'id': UUID('baeceb68-368e-4882-9f0f-dee51b2f25b9')}, 'randID': {'value': 4.741093421321851, 'date': '1972-11-09T00:00:00', 'id': UUID('258aa34d-b786-456a-a045-5992a76cc11e')}, 'anotheTest': {'value': {'Value': UUID('3bafe1e8-5631-4f64-907d-158ca748b751')}, 'date': '1972-11-09T00:00:00', 'id': UUID('f747fca3-b6ec-4923-9f94-bad987a78861')}, 'PatientRcorded': {'value': 'TRUE', 'date': '1972-11-09T00:30:00', 'id': UUID('f1f0c87d-de15-4bdf-b4d1-8b3bee664164')}, 'PerformingOrg': {'value': {'Code': 'TKD13', 'DisplayName': 'Midtown District Hospital', 'AddressLine': 'Beckett Street', 'AddressCity': 'Leeds', 'AddressDistrict': 'West YorkShire', 'AddressPostalCode': 'LS9 7TF'}, 'date': '1972-11-09T00:30:00', 'id': UUID('07507c08-bd43-48bb-8d51-435a18358901')}, 'RequestingHCP': {'value': {'Code': 'G6040649', 'DisplayName': 'Dr Jane Green'}, 'date': '1972-11-09T00:30:00', 'id': UUID('fad36a08-07ca-47f4-b04f-99393a47362d')}, 'OrgRequesting': {'value': {'Code': 'D82015', 'DisplayName': 'Manor GP Practice', 'AddressLine': '30/32 Bridge Street', 'AddressCity': 'Downham Market', 'AddressDistrict': 'Norfolk', 'AddressPostalCode': 'PE38 9DH'}, 'date': '1972-11-09T00:30:00', 'id': UUID('68348718-08d5-4285-a69b-ec744b338c7d')}, 'Request': {'value': {'Code': '26604007', 'DisplayName': 'FBC - Full blood count', 'text': 'FBC'}, 'date': '1972-11-09T00:30:00', 'id': UUID('31f2ab4d-5a84-4fd4-ae1c-fc9f2351b35e')}, 'Specimen': {'value': {'Code': '53130003', 'DisplayName': 'Venous blood (substance)'}, 'date': '1972-11-09T00:30:00', 'id': UUID('e8ef4a44-8ba1-4ad7-abc5-c8c2b9305ea7')}, 'CollectingHCP': {'value': {'Code': 'J7040649', 'DisplayName': 'Alice Jones'}, 'date': '1972-11-09T00:30:00', 'id': UUID('62eab729-ed87-405c-ab51-590dc03f3d2c')}, 'OrgCollecting': {'value': {'Code': 'D82015', 'DisplayName': 'Manor GP Practice', 'AddressLine': '30/32 Bridge Street', 'AddressCity': 'Downham Market', 'AddressDistrict': 'Norfolk', 'AddressPostalCode': 'PE38 9DH'}, 'date': '1972-11-09T00:30:00', 'id': UUID('bda5c3ae-a39f-486c-95ad-bcb84d97992c')}, 'obs': {'value': {'code': '1000381000000105', 'DisplayName': 'Se prostate specific Ag level', 'value': 78, 'unit': 'ug/L', 'unit_code': 'ug/L', 'system': 'http://unitsofmeasure.org'}, 'date': '1972-11-09T00:36:00', 'id': UUID('37836ac0-a915-46b1-9b8d-f07edbf626c0')}, 'PerformingHCP': {'value': {'Code': 'J7040649', 'DisplayName': 'Alice Jones'}, 'date': '1972-11-09T00:36:00', 'id': UUID('c6da9479-9f85-482f-a710-f03723d4b3c7')}, 'Report': {'value': {'Code': '1028441000000104', 'DisplayName': 'Potassium Level (Observable entity)'}, 'date': '1972-11-09T00:36:00', 'id': UUID('e84e49f1-e9e8-46db-bd54-6d95da578b5f')}, 'BundleSent': {'value': 'TRUE', 'date': '1972-11-09T00:36:00', 'id': UUID('98571f4e-be60-4c03-a26d-05393c5b0d3a')}, 'Observation': {'value': {'Value': '4.8', 'Unit': 'mmol/L', 'ReferenceLow': '3.5', 'ReferenceHigh': '5.3'}, 'date': '1972-11-09T00:36:00', 'id': UUID('9b0d7445-5f58-4a2c-b0a5-d692a45462ac')}, 'listing_provided': {'value': 'TRUE', 'date': '1972-11-09T08:36:00', 'id': UUID('623f3e85-1435-4dba-95fe-c22d3467b040')}, 'json_provided': {'value': 'TRUE', 'date': '1972-11-09T08:36:00', 'id': UUID('970d0920-a488-435e-9f76-89384fa49e4f')}}","{'name': 'json_provided', 'value': 'TRUE', 'date': '1972-11-09T08:36:00', 'id': UUID('970d0920-a488-435e-9f76-89384fa49e4f')}","6beb8539-31d7-4ff4-9b3e-029a4470c081","7832003812","4.741093421321851","{'Value': UUID('3bafe1e8-5631-4f64-907d-158ca748b751')}","TRUE","{'Code': 'TKD13', 'DisplayName': 'Midtown District Hospital', 'AddressLine': 'Beckett Street', 'AddressCity': 'Leeds', 'AddressDistrict': 'West YorkShire', 'AddressPostalCode': 'LS9 7TF'}","{'Code': 'G6040649', 'DisplayName': 'Dr Jane Green'}","{'Code': 'D82015', 'DisplayName': 'Manor GP Practice', 'AddressLine': '30/32 Bridge Street', 'AddressCity': 'Downham Market', 'AddressDistrict': 'Norfolk', 'AddressPostalCode': 'PE38 9DH'}","{'Code': '26604007', 'DisplayName': 'FBC - Full blood count', 'text': 'FBC'}","{'Code': '53130003', 'DisplayName': 'Venous blood (substance)'}","{'Code': 'J7040649', 'DisplayName': 'Alice Jones'}","{'Code': 'D82015', 'DisplayName': 'Manor GP Practice', 'AddressLine': '30/32 Bridge Street', 'AddressCity': 'Downham Market', 'AddressDistrict': 'Norfolk', 'AddressPostalCode': 'PE38 9DH'}","{'code': '1000381000000105', 'DisplayName': 'Se prostate specific Ag level', 'value': 78, 'unit': 'ug/L', 'unit_code': 'ug/L', 'system': 'http://unitsofmeasure.org'}","{'Code': 'J7040649', 'DisplayName': 'Alice Jones'}","{'Code': '1028441000000104', 'DisplayName': 'Potassium Level (Observable entity)'}","TRUE","{'Value': '4.8', 'Unit': 'mmol/L', 'ReferenceLow': '3.5', 'ReferenceHigh': '5.3'}","TRUE","TRUE"
"Abbey","England","2","Female","1987-03-11 00:00:00","Mills","Evie","Abbey School","Abbey GP","False","{'UUID': [{'value': UUID('5b840472-a9c0-4498-8850-0b3c4bb17a11'), 'date': '1987-03-11T00:00:00', 'id': UUID('eb76a76d-4d58-4206-b10f-062a6203d7ec')}], 'NhsNumber': [{'value': '7832003812', 'date': '1987-03-11T00:00:00', 'id': UUID('d1ead7c3-b1b1-46b2-b221-2483c8e65308')}], 'randID': [{'value': 4.508097277144125, 'date': '1987-03-11T00:00:00', 'id': UUID('abf66998-800a-4940-9d0a-717fb801575a')}], 'anotheTest': [{'value': {'Value': UUID('b8822e04-8140-48f8-a50d-75a74452384c')}, 'date': '1987-03-11T00:00:00', 'id': UUID('23fe57f2-ca90-45cf-8dfa-43e84e2f3748')}]}","{'UUID': {'value': UUID('5b840472-a9c0-4498-8850-0b3c4bb17a11'), 'date': '1987-03-11T00:00:00', 'id': UUID('eb76a76d-4d58-4206-b10f-062a6203d7ec')}, 'NhsNumber': {'value': '7832003812', 'date': '1987-03-11T00:00:00', 'id': UUID('d1ead7c3-b1b1-46b2-b221-2483c8e65308')}, 'randID': {'value': 4.508097277144125, 'date': '1987-03-11T00:00:00', 'id': UUID('abf66998-800a-4940-9d0a-717fb801575a')}, 'anotheTest': {'value': {'Value': UUID('b8822e04-8140-48f8-a50d-75a74452384c')}, 'date': '1987-03-11T00:00:00', 'id': UUID('23fe57f2-ca90-45cf-8dfa-43e84e2f3748')}}","{'name': 'anotheTest', 'value': {'Value': UUID('b8822e04-8140-48f8-a50d-75a74452384c')}, 'date': '1987-03-11T00:00:00', 'id': UUID('23fe57f2-ca90-45cf-8dfa-43e84e2f3748')}","5b840472-a9c0-4498-8850-0b3c4bb17a11","7832003812","4.508097277144125","{'Value': UUID('b8822e04-8140-48f8-a50d-75a74452384c')}","","","","","","","","","","","","","","",""
"Bagley","England","3","Female","1982-02-09 00:00:00","Donnelly","Francesca","Bagley School","Bagely GP","False","{'UUID': [{'value': UUID('0c20a948-2176-4536-895e-5979172f1d13'), 'date': '1982-02-09T00:00:00', 'id': UUID('1c1a0a3e-bef0-4863-93bc-fb3a3434c4b0')}], 'NhsNumber': [{'value': '7832003812', 'date': '1982-02-09T00:00:00', 'id': UUID('aa41d7f0-287c-468d-95d6-ba8d996e0aa6')}], 'randID': [{'value': 4.011025063838698, 'date': '1982-02-09T00:00:00', 'id': UUID('10a91426-ef44-44be-a989-c44ae73ed3d8')}], 'anotheTest': [{'value': {'Value': UUID('8b0f7300-5979-4eea-808d-d45e93a17e37')}, 'date': '1982-02-09T00:00:00', 'id': UUID('62a9533d-1421-4bc9-86ac-71b6ca60ad73')}]}","{'UUID': {'value': UUID('0c20a948-2176-4536-895e-5979172f1d13'), 'date': '1982-02-09T00:00:00', 'id': UUID('1c1a0a3e-bef0-4863-93bc-fb3a3434c4b0')}, 'NhsNumber': {'value': '7832003812', 'date': '1982-02-09T00:00:00', 'id': UUID('aa41d7f0-287c-468d-95d6-ba8d996e0aa6')}, 'randID': {'value': 4.011025063838698, 'date': '1982-02-09T00:00:00', 'id': UUID('10a91426-ef44-44be-a989-c44ae73ed3d8')}, 'anotheTest': {'value': {'Value': UUID('8b0f7300-5979-4eea-808d-d45e93a17e37')}, 'date': '1982-02-09T00:00:00', 'id': UUID('62a9533d-1421-4bc9-86ac-71b6ca60ad73')}}","{'name': 'anotheTest', 'value': {'Value': UUID('8b0f7300-5979-4eea-808d-d45e93a17e37')}, 'date': '1982-02-09T00:00:00', 'id': UUID('62a9533d-1421-4bc9-86ac-71b6ca60ad73')}","0c20a948-2176-4536-895e-5979172f1d13","7832003812","4.011025063838698","{'Value': UUID('8b0f7300-5979-4eea-808d-d45e93a17e37')}","","","","","","","","","","","","","","",""
"Bagley","England","4","Female","1998-10-08 00:00:00","Glover","Tilly","Bagley School","Bagely GP","False","{'UUID': [{'value': UUID('aa98721a-030c-4801-81ea-c9b1da7e8ddd'), 'date': '1998-10-08T00:00:00', 'id': UUID('29343857-bb6c-4a67-b2fc-2737990c2a63')}], 'NhsNumber': [{'value': '7832003812', 'date': '1998-10-08T00:00:00', 'id': UUID('23ad0191-6f9e-451d-840c-4a876a5892a0')}], 'randID': [{'value': 5.346753235745659, 'date': '1998-10-08T00:00:00', 'id': UUID('eba33abb-2a41-4e59-8f89-4ab3f43eb0bd')}], 'anotheTest': [{'value': {'Value': UUID('aeaa8f08-4c10-4be6-8aa7-c8da0b876707')}, 'date': '1998-10-08T00:00:00', 'id': UUID('b1e2cca9-53e9-4b1e-a608-addbec613c5e')}]}","{'UUID': {'value': UUID('aa98721a-030c-4801-81ea-c9b1da7e8ddd'), 'date': '1998-10-08T00:00:00', 'id': UUID('29343857-bb6c-4a67-b2fc-2737990c2a63')}, 'NhsNumber': {'value': '7832003812', 'date': '1998-10-08T00:00:00', 'id': UUID('23ad0191-6f9e-451d-840c-4a876a5892a0')}, 'randID': {'value': 5.346753235745659, 'date': '1998-10-08T00:00:00', 'id': UUID('eba33abb-2a41-4e59-8f89-4ab3f43eb0bd')}, 'anotheTest': {'value': {'Value': UUID('aeaa8f08-4c10-4be6-8aa7-c8da0b876707')}, 'date': '1998-10-08T00:00:00', 'id': UUID('b1e2cca9-53e9-4b1e-a608-addbec613c5e')}}","{'name': 'anotheTest', 'value': {'Value': UUID('aeaa8f08-4c10-4be6-8aa7-c8da0b876707')}, 'date': '1998-10-08T00:00:00', 'id': UUID('b1e2cca9-53e9-4b1e-a608-addbec613c5e')}","aa98721a-030c-4801-81ea-c9b1da7e8ddd","7832003812","5.346753235745659","{'Value': UUID('aeaa8f08-4c10-4be6-8aa7-c8da0b876707')}","","","","","","","","","","","","","","",""
"Bagley","England","5","Male","1963-11-12 00:00:00","Price","Anthony","Bagley School","Bagely GP","False","{'UUID': [{'value': UUID('22da3acf-2e85-41cd-a2a1-3455ef555efa'), 'date': '1963-11-12T00:00:00', 'id': UUID('22f4bc35-6f25-45f9-ac8f-4744c9f493dd')}], 'NhsNumber': [{'value': '7832003812', 'date': '1963-11-12T00:00:00', 'id': UUID('35a2bf02-fe98-45f0-8869-276ec7066f01')}], 'randID': [{'value': 4.796169940487165, 'date': '1963-11-12T00:00:00', 'id': UUID('5b809575-6d1c-470c-9149-4578ecaa7513')}], 'anotheTest': [{'value': {'Value': UUID('44f3be81-cc9c-4682-9373-e760f4aed983')}, 'date': '1963-11-12T00:00:00', 'id': UUID('53da62ef-3782-4af7-b04c-f90e8379a0f3')}]}","{'UUID': {'value': UUID('22da3acf-2e85-41cd-a2a1-3455ef555efa'), 'date': '1963-11-12T00:00:00', 'id': UUID('22f4bc35-6f25-45f9-ac8f-4744c9f493dd')}, 'NhsNumber': {'value': '7832003812', 'date': '1963-11-12T00:00:00', 'id': UUID('35a2bf02-fe98-45f0-8869-276ec7066f01')}, 'randID': {'value': 4.796169940487165, 'date': '1963-11-12T00:00:00', 'id': UUID('5b809575-6d1c-470c-9149-4578ecaa7513')}, 'anotheTest': {'value': {'Value': UUID('44f3be81-cc9c-4682-9373-e760f4aed983')}, 'date': '1963-11-12T00:00:00', 'id': UUID('53da62ef-3782-4af7-b04c-f90e8379a0f3')}}","{'name': 'anotheTest', 'value': {'Value': UUID('44f3be81-cc9c-4682-9373-e760f4aed983')}, 'date': '1963-11-12T00:00:00', 'id': UUID('53da62ef-3782-4af7-b04c-f90e8379a0f3')}","22da3acf-2e85-41cd-a2a1-3455ef555efa","7832003812","4.796169940487165","{'Value': UUID('44f3be81-cc9c-4682-9373-e760f4aed983')}","","","","","","","","","","","","","","",""
"Battlefield","England","6","Female","2003-12-19 00:00:00","Bond","Charlie","Battlefield School","Battlefield GP","False","{'UUID': [{'value': UUID('c499e486-400f-4947-b5b7-eee69ce65414'), 'date': '2003-12-19T00:00:00', 'id': UUID('86c0b9be-745e-430d-b654-86dfc4978409')}], 'NhsNumber': [{'value': '7832003812', 'date': '2003-12-19T00:00:00', 'id': UUID('16f51d87-0e84-4c4b-b191-1dfe7f8837d4')}], 'randID': [{'value': 5.084763016372222, 'date': '2003-12-19T00:00:00', 'id': UUID('4bc09c88-e34f-4192-9785-f488158b6ec8')}], 'anotheTest': [{'value': {'Value': UUID('f0bd7c4c-3004-4f2b-81a0-e65cb28e5993')}, 'date': '2003-12-19T00:00:00', 'id': UUID('2f6f8fac-4323-42da-a375-388858d4e72a')}]}","{'UUID': {'value': UUID('c499e486-400f-4947-b5b7-eee69ce65414'), 'date': '2003-12-19T00:00:00', 'id': UUID('86c0b9be-745e-430d-b654-86dfc4978409')}, 'NhsNumber': {'value': '7832003812', 'date': '2003-12-19T00:00:00', 'id': UUID('16f51d87-0e84-4c4b-b191-1dfe7f8837d4')}, 'randID': {'value': 5.084763016372222, 'date': '2003-12-19T00:00:00', 'id': UUID('4bc09c88-e34f-4192-9785-f488158b6ec8')}, 'anotheTest': {'value': {'Value': UUID('f0bd7c4c-3004-4f2b-81a0-e65cb28e5993')}, 'date': '2003-12-19T00:00:00', 'id': UUID('2f6f8fac-4323-42da-a375-388858d4e72a')}}","{'name': 'anotheTest', 'value': {'Value': UUID('f0bd7c4c-3004-4f2b-81a0-e65cb28e5993')}, 'date': '2003-12-19T00:00:00', 'id': UUID('2f6f8fac-4323-42da-a375-388858d4e72a')}","c499e486-400f-4947-b5b7-eee69ce65414","7832003812","5.084763016372222","{'Value': UUID('f0bd7c4c-3004-4f2b-81a0-e65cb28e5993')}","","","","","","","","","","","","","","",""
"Battlefield","England","7","Female","1981-06-16 00:00:00","Barber","Ella","Battlefield School","Battlefield GP","False","{'UUID': [{'value': UUID('0ca380d4-541d-4ab6-b167-62bcd6b5c698'), 'date': '1981-06-16T00:00:00', 'id': UUID('b68ec2a3-d792-4f9c-a24d-fead1d325ba0')}], 'NhsNumber': [{'value': '7832003812', 'date': '1981-06-16T00:00:00', 'id': UUID('a33bb78b-47ed-4ea4-b8d4-cdc4741a6c4d')}], 'randID': [{'value': 4.093289694475293, 'date': '1981-06-16T00:00:00', 'id': UUID('845a5498-444d-4d2a-a617-2b62480a7089')}], 'anotheTest': [{'value': {'Value': UUID('5ac9318d-a437-4cd0-b810-d5f79743d68f')}, 'date': '1981-06-16T00:00:00', 'id': UUID('69320e5a-bf13-4f61-bfde-cc7e4237e2c3')}]}","{'UUID': {'value': UUID('0ca380d4-541d-4ab6-b167-62bcd6b5c698'), 'date': '1981-06-16T00:00:00', 'id': UUID('b68ec2a3-d792-4f9c-a24d-fead1d325ba0')}, 'NhsNumber': {'value': '7832003812', 'date': '1981-06-16T00:00:00', 'id': UUID('a33bb78b-47ed-4ea4-b8d4-cdc4741a6c4d')}, 'randID': {'value': 4.093289694475293, 'date': '1981-06-16T00:00:00', 'id': UUID('845a5498-444d-4d2a-a617-2b62480a7089')}, 'anotheTest': {'value': {'Value': UUID('5ac9318d-a437-4cd0-b810-d5f79743d68f')}, 'date': '1981-06-16T00:00:00', 'id': UUID('69320e5a-bf13-4f61-bfde-cc7e4237e2c3')}}","{'name': 'anotheTest', 'value': {'Value': UUID('5ac9318d-a437-4cd0-b810-d5f79743d68f')}, 'date': '1981-06-16T00:00:00', 'id': UUID('69320e5a-bf13-4f61-bfde-cc7e4237e2c3')}","0ca380d4-541d-4ab6-b167-62bcd6b5c698","7832003812","4.093289694475293","{'Value': UUID('5ac9318d-a437-4cd0-b810-d5f79743d68f')}","","","","","","","","","","","","","","",""
"Battlefield","England","8","Female","2017-04-26 00:00:00","Webster","Grace","Battlefield School","Battlefield GP","False","{'UUID': [{'value': UUID('a4e0f7bf-4c23-4726-ad5b-7192807049e5'), 'date': '2017-04-26T00:00:00', 'id': UUID('b1292d1b-fc40-4b52-a8ad-8991c03001c1')}], 'NhsNumber': [{'value': '7832003812', 'date': '2017-04-26T00:00:00', 'id': UUID('dd269071-8473-43b7-8458-61ceab1fedbf')}], 'randID': [{'value': 4.389274317634767, 'date': '2017-04-26T00:00:00', 'id': UUID('dcd51af1-7d80-4e35-b272-29841b776962')}], 'anotheTest': [{'value': {'Value': UUID('1ae9f1ad-764e-4535-8c79-e6939faaa9e5')}, 'date': '2017-04-26T00:00:00', 'id': UUID('1ff360ab-d285-488a-bf68-09929d026285')}]}","{'UUID': {'value': UUID('a4e0f7bf-4c23-4726-ad5b-7192807049e5'), 'date': '2017-04-26T00:00:00', 'id': UUID('b1292d1b-fc40-4b52-a8ad-8991c03001c1')}, 'NhsNumber': {'value': '7832003812', 'date': '2017-04-26T00:00:00', 'id': UUID('dd269071-8473-43b7-8458-61ceab1fedbf')}, 'randID': {'value': 4.389274317634767, 'date': '2017-04-26T00:00:00', 'id': UUID('dcd51af1-7d80-4e35-b272-29841b776962')}, 'anotheTest': {'value': {'Value': UUID('1ae9f1ad-764e-4535-8c79-e6939faaa9e5')}, 'date': '2017-04-26T00:00:00', 'id': UUID('1ff360ab-d285-488a-bf68-09929d026285')}}","{'name': 'anotheTest', 'value': {'Value': UUID('1ae9f1ad-764e-4535-8c79-e6939faaa9e5')}, 'date': '2017-04-26T00:00:00', 'id': UUID('1ff360ab-d285-488a-bf68-09929d026285')}","a4e0f7bf-4c23-4726-ad5b-7192807049e5","7832003812","4.389274317634767","{'Value': UUID('1ae9f1ad-764e-4535-8c79-e6939faaa9e5')}","","","","","","","","","","","","","","",""
"Belle Vue","England","9","Male","1978-11-08 00:00:00","Curtis","David","Belle Vue School","Belle Vue GP","False","{'UUID': [{'value': UUID('0a1e0655-cb25-407a-ac4d-5765fb317ecd'), 'date': '1978-11-08T00:00:00', 'id': UUID('52ec93f0-0e47-4f16-8b45-76f5e5cbdf32')}], 'NhsNumber': [{'value': '7832003812', 'date': '1978-11-08T00:00:00', 'id': UUID('a15da180-8025-4baa-8570-a54418be3bfc')}], 'randID': [{'value': 4.015631255042486, 'date': '1978-11-08T00:00:00', 'id': UUID('89b1d979-86cc-4e5f-86e8-aae5f2e9c09b')}], 'anotheTest': [{'value': {'Value': UUID('762c1927-5659-4ba1-b978-7e6d2adb810d')}, 'date': '1978-11-08T00:00:00', 'id': UUID('fd2ec358-e5f9-470a-807e-fb3890c146f6')}]}","{'UUID': {'value': UUID('0a1e0655-cb25-407a-ac4d-5765fb317ecd'), 'date': '1978-11-08T00:00:00', 'id': UUID('52ec93f0-0e47-4f16-8b45-76f5e5cbdf32')}, 'NhsNumber': {'value': '7832003812', 'date': '1978-11-08T00:00:00', 'id': UUID('a15da180-8025-4baa-8570-a54418be3bfc')}, 'randID': {'value': 4.015631255042486, 'date': '1978-11-08T00:00:00', 'id': UUID('89b1d979-86cc-4e5f-86e8-aae5f2e9c09b')}, 'anotheTest': {'value': {'Value': UUID('762c1927-5659-4ba1-b978-7e6d2adb810d')}, 'date': '1978-11-08T00:00:00', 'id': UUID('fd2ec358-e5f9-470a-807e-fb3890c146f6')}}","{'name': 'anotheTest', 'value': {'Value': UUID('762c1927-5659-4ba1-b978-7e6d2adb810d')}, 'date': '1978-11-08T00:00:00', 'id': UUID('fd2ec358-e5f9-470a-807e-fb3890c146f6')}","0a1e0655-cb25-407a-ac4d-5765fb317ecd","7832003812","4.015631255042486","{'Value': UUID('762c1927-5659-4ba1-b978-7e6d2adb810d')}","","","","","","","","","","","","","","",""
"Belle Vue","England","10","Male","1948-11-27 00:00:00","Johnston","Andrew","Belle Vue School","Belle Vue GP","False","{'UUID': [{'value': UUID('d5e42ebb-6fb6-4092-89aa-985a8e41fb58'), 'date': '1948-11-27T00:00:00', 'id': UUID('0ef19258-c027-410b-a151-213c362c523a')}], 'NhsNumber': [{'value': '7832003812', 'date': '1948-11-27T00:00:00', 'id': UUID('b9b345b7-1094-424c-8450-e943355840f4')}], 'randID': [{'value': 4.346896785848604, 'date': '1948-11-27T00:00:00', 'id': UUID('72dfd56b-d5ea-4a65-bedd-3e40741f9639')}], 'anotheTest': [{'value': {'Value': UUID('de8cafb8-35fd-4e01-a4b9-c34e1f4f46b6')}, 'date': '1948-11-27T00:00:00', 'id': UUID('5219f911-8e53-4978-a878-77838fdea2e6')}]}","{'UUID': {'value': UUID('d5e42ebb-6fb6-4092-89aa-985a8e41fb58'), 'date': '1948-11-27T00:00:00', 'id': UUID('0ef19258-c027-410b-a151-213c362c523a')}, 'NhsNumber': {'value': '7832003812', 'date': '1948-11-27T00:00:00', 'id': UUID('b9b345b7-1094-424c-8450-e943355840f4')}, 'randID': {'value': 4.346896785848604, 'date': '1948-11-27T00:00:00', 'id': UUID('72dfd56b-d5ea-4a65-bedd-3e40741f9639')}, 'anotheTest': {'value': {'Value': UUID('de8cafb8-35fd-4e01-a4b9-c34e1f4f46b6')}, 'date': '1948-11-27T00:00:00', 'id': UUID('5219f911-8e53-4978-a878-77838fdea2e6')}}","{'name': 'anotheTest', 'value': {'Value': UUID('de8cafb8-35fd-4e01-a4b9-c34e1f4f46b6')}, 'date': '1948-11-27T00:00:00', 'id': UUID('5219f911-8e53-4978-a878-77838fdea2e6')}","d5e42ebb-6fb6-4092-89aa-985a8e41fb58","7832003812","4.346896785848604","{'Value': UUID('de8cafb8-35fd-4e01-a4b9-c34e1f4f46b6')}","","","","","","","","","","","","","","",""
"Belle Vue","England","11","Female","2009-02-26 00:00:00","Fraser","Abby","Belle Vue School","Belle Vue GP","False","{'UUID': [{'value': UUID('4656ca25-1f2c-41d5-a861-c3687bc4ba67'), 'date': '2009-02-26T00:00:00', 'id': UUID('b7f2349a-eb67-46e9-8692-5fd38cf4607f')}], 'NhsNumber': [{'value': '7832003812', 'date': '2009-02-26T00:00:00', 'id': UUID('125fe081-d6af-49f2-af85-8370470fd6e8')}], 'randID': [{'value': 4.661273426343702, 'date': '2009-02-26T00:00:00', 'id': UUID('d4f459e3-c42b-40e3-bf35-359f483aa534')}], 'anotheTest': [{'value': {'Value': UUID('cf822eb5-520e-4d02-bc05-ad64df2ffdf3')}, 'date': '2009-02-26T00:00:00', 'id': UUID('bb76697e-c7e6-439c-8537-9d77de363255')}]}","{'UUID': {'value': UUID('4656ca25-1f2c-41d5-a861-c3687bc4ba67'), 'date': '2009-02-26T00:00:00', 'id': UUID('b7f2349a-eb67-46e9-8692-5fd38cf4607f')}, 'NhsNumber': {'value': '7832003812', 'date': '2009-02-26T00:00:00', 'id': UUID('125fe081-d6af-49f2-af85-8370470fd6e8')}, 'randID': {'value': 4.661273426343702, 'date': '2009-02-26T00:00:00', 'id': UUID('d4f459e3-c42b-40e3-bf35-359f483aa534')}, 'anotheTest': {'value': {'Value': UUID('cf822eb5-520e-4d02-bc05-ad64df2ffdf3')}, 'date': '2009-02-26T00:00:00', 'id': UUID('bb76697e-c7e6-439c-8537-9d77de363255')}}","{'name': 'anotheTest', 'value': {'Value': UUID('cf822eb5-520e-4d02-bc05-ad64df2ffdf3')}, 'date': '2009-02-26T00:00:00', 'id': UUID('bb76697e-c7e6-439c-8537-9d77de363255')}","4656ca25-1f2c-41d5-a861-c3687bc4ba67","7832003812","4.661273426343702","{'Value': UUID('cf822eb5-520e-4d02-bc05-ad64df2ffdf3')}","","","","","","","","","","","","","","",""
"Bowbrook","England","12","Male","1936-09-22 00:00:00","Bond","Thomas","Bowbrook School","Bowbrook GP","False","{'UUID': [{'value': UUID('e60cb08f-e51c-4ff5-a2db-895b8a045746'), 'date': '1936-09-22T00:00:00', 'id': UUID('e6a33904-deee-4554-acc0-118be905757c')}], 'NhsNumber': [{'value': '7832003812', 'date': '1936-09-22T00:00:00', 'id': UUID('cb91bb76-3e86-4626-9a26-9ae2e56a5536')}], 'randID': [{'value': 4.316037770571394, 'date': '1936-09-22T00:00:00', 'id': UUID('f76e3994-c4b9-4771-9be3-b36e6ff53f51')}], 'anotheTest': [{'value': {'Value': UUID('ac675658-4450-429b-ab1e-c0b5dfc12df8')}, 'date': '1936-09-22T00:00:00', 'id': UUID('fbc1b4f6-0038-4e4a-a3ac-35672dab5d2d')}]}","{'UUID': {'value': UUID('e60cb08f-e51c-4ff5-a2db-895b8a045746'), 'date': '1936-09-22T00:00:00', 'id': UUID('e6a33904-deee-4554-acc0-118be905757c')}, 'NhsNumber': {'value': '7832003812', 'date': '1936-09-22T00:00:00', 'id': UUID('cb91bb76-3e86-4626-9a26-9ae2e56a5536')}, 'randID': {'value': 4.316037770571394, 'date': '1936-09-22T00:00:00', 'id': UUID('f76e3994-c4b9-4771-9be3-b36e6ff53f51')}, 'anotheTest': {'value': {'Value': UUID('ac675658-4450-429b-ab1e-c0b5dfc12df8')}, 'date': '1936-09-22T00:00:00', 'id': UUID('fbc1b4f6-0038-4e4a-a3ac-35672dab5d2d')}}","{'name': 'anotheTest', 'value': {'Value': UUID('ac675658-4450-429b-ab1e-c0b5dfc12df8')}, 'date': '1936-09-22T00:00:00', 'id': UUID('fbc1b4f6-0038-4e4a-a3ac-35672dab5d2d')}","e60cb08f-e51c-4ff5-a2db-895b8a045746","7832003812","4.316037770571394","{'Value': UUID('ac675658-4450-429b-ab1e-c0b5dfc12df8')}","","","","","","","","","","","","","","",""
"Bowbrook","England","13","Male","1992-06-12 00:00:00","Barton","Joshua","Bowbrook School","Bowbrook GP","False","{'UUID': [{'value': UUID('6fdbde31-0484-40bf-b5e1-83e23e35e4e1'), 'date': '1992-06-12T00:00:00', 'id': UUID('2d6738bc-5761-414a-8059-71f3514fd91d')}], 'NhsNumber': [{'value': '7832003812', 'date': '1992-06-12T00:00:00', 'id': UUID('857b7745-9f2a-4d51-9f66-07d5e02ab585')}], 'randID': [{'value': 4.19486175337258, 'date': '1992-06-12T00:00:00', 'id': UUID('46b4f0ff-66e2-4f14-94db-1dd66128f103')}], 'anotheTest': [{'value': {'Value': UUID('634413b3-ff10-45bd-8762-d893c85d86a0')}, 'date': '1992-06-12T00:00:00', 'id': UUID('ceceffdb-327e-4e77-9237-66294b25d47e')}]}","{'UUID': {'value': UUID('6fdbde31-0484-40bf-b5e1-83e23e35e4e1'), 'date': '1992-06-12T00:00:00', 'id': UUID('2d6738bc-5761-414a-8059-71f3514fd91d')}, 'NhsNumber': {'value': '7832003812', 'date': '1992-06-12T00:00:00', 'id': UUID('857b7745-9f2a-4d51-9f66-07d5e02ab585')}, 'randID': {'value': 4.19486175337258, 'date': '1992-06-12T00:00:00', 'id': UUID('46b4f0ff-66e2-4f14-94db-1dd66128f103')}, 'anotheTest': {'value': {'Value': UUID('634413b3-ff10-45bd-8762-d893c85d86a0')}, 'date': '1992-06-12T00:00:00', 'id': UUID('ceceffdb-327e-4e77-9237-66294b25d47e')}}","{'name': 'anotheTest', 'value': {'Value': UUID('634413b3-ff10-45bd-8762-d893c85d86a0')}, 'date': '1992-06-12T00:00:00', 'id': UUID('ceceffdb-327e-4e77-9237-66294b25d47e')}","6fdbde31-0484-40bf-b5e1-83e23e35e4e1","7832003812","4.19486175337258","{'Value': UUID('634413b3-ff10-45bd-8762-d893c85d86a0')}","","","","","","","","","","","","","","",""
"Bowbrook","England","14","Male","1958-02-18 00:00:00","Welch","David","Bowbrook School","Bowbrook GP","False","{'UUID': [{'value': UUID('0cc5657d-8f44-4cf5-bdb9-bd4fa010e12c'), 'date': '1958-02-18T00:00:00', 'id': UUID('3b4b0ba5-31f4-4ef1-a092-945896773b92')}], 'NhsNumber': [{'value': '7832003812', 'date': '1958-02-18T00:00:00', 'id': UUID('98ac1128-8d7f-459b-87b3-f88c4c2919fe')}], 'randID': [{'value': 5.366227739188537, 'date': '1958-02-18T00:00:00', 'id': UUID('c36b6b86-a149-454f-b2e9-ce90eb047007')}], 'anotheTest': [{'value': {'Value': UUID('d8cabb87-3fd7-450c-b603-502101ce51cb')}, 'date': '1958-02-18T00:00:00', 'id': UUID('e4f530c2-2c93-4a7a-9c1e-a60b2a3a2c4c')}]}","{'UUID': {'value': UUID('0cc5657d-8f44-4cf5-bdb9-bd4fa010e12c'), 'date': '1958-02-18T00:00:00', 'id': UUID('3b4b0ba5-31f4-4ef1-a092-945896773b92')}, 'NhsNumber': {'value': '7832003812', 'date': '1958-02-18T00:00:00', 'id': UUID('98ac1128-8d7f-459b-87b3-f88c4c2919fe')}, 'randID': {'value': 5.366227739188537, 'date': '1958-02-18T00:00:00', 'id': UUID('c36b6b86-a149-454f-b2e9-ce90eb047007')}, 'anotheTest': {'value': {'Value': UUID('d8cabb87-3fd7-450c-b603-502101ce51cb')}, 'date': '1958-02-18T00:00:00', 'id': UUID('e4f530c2-2c93-4a7a-9c1e-a60b2a3a2c4c')}}","{'name': 'anotheTest', 'value': {'Value': UUID('d8cabb87-3fd7-450c-b603-502101ce51cb')}, 'date': '1958-02-18T00:00:00', 'id': UUID('e4f530c2-2c93-4a7a-9c1e-a60b2a3a2c4c')}","0cc5657d-8f44-4cf5-bdb9-bd4fa010e12c","7832003812","5.366227739188537","{'Value': UUID('d8cabb87-3fd7-450c-b603-502101ce51cb')}","","","","","","","","","","","","","","",""
"Castlefields and Ditherington","England","15","Female","1964-09-24 00:00:00","Barber","Natasha","Castlefields School","Castlefields GP","False","{'UUID': [{'value': UUID('3cb7b108-31f6-417a-98f2-5a91e4496651'), 'date': '1964-09-24T00:00:00', 'id': UUID('f4af4c7d-ca61-4b13-a36f-26e0ed794d3b')}], 'NhsNumber': [{'value': '7832003812', 'date': '1964-09-24T00:00:00', 'id': UUID('c4790732-9803-4467-8796-8091820910bb')}], 'randID': [{'value': 4.772607983303217, 'date': '1964-09-24T00:00:00', 'id': UUID('bb207e1f-c252-4c4b-b869-d5794b1f595f')}], 'anotheTest': [{'value': {'Value': UUID('4e03c7ce-d82e-4c59-9b10-2736a29d4fb1')}, 'date': '1964-09-24T00:00:00', 'id': UUID('3ea39d2a-1771-4af1-b0e8-fe76f843293b')}]}","{'UUID': {'value': UUID('3cb7b108-31f6-417a-98f2-5a91e4496651'), 'date': '1964-09-24T00:00:00', 'id': UUID('f4af4c7d-ca61-4b13-a36f-26e0ed794d3b')}, 'NhsNumber': {'value': '7832003812', 'date': '1964-09-24T00:00:00', 'id': UUID('c4790732-9803-4467-8796-8091820910bb')}, 'randID': {'value': 4.772607983303217, 'date': '1964-09-24T00:00:00', 'id': UUID('bb207e1f-c252-4c4b-b869-d5794b1f595f')}, 'anotheTest': {'value': {'Value': UUID('4e03c7ce-d82e-4c59-9b10-2736a29d4fb1')}, 'date': '1964-09-24T00:00:00', 'id': UUID('3ea39d2a-1771-4af1-b0e8-fe76f843293b')}}","{'name': 'anotheTest', 'value': {'Value': UUID('4e03c7ce-d82e-4c59-9b10-2736a29d4fb1')}, 'date': '1964-09-24T00:00:00', 'id': UUID('3ea39d2a-1771-4af1-b0e8-fe76f843293b')}","3cb7b108-31f6-417a-98f2-5a91e4496651","7832003812","4.772607983303217","{'Value': UUID('4e03c7ce-d82e-4c59-9b10-2736a29d4fb1')}","","","","","","","","","","","","","","",""
"Castlefields and Ditherington","England","16","Male","2018-11-01 00:00:00","Rose","Joshua","Castlefields School","Castlefields GP","False","{'UUID': [{'value': UUID('a8389e0f-32e1-4cb3-a260-cddba89608b3'), 'date': '2018-11-01T00:00:00', 'id': UUID('c8364e5f-3442-4354-9c46-2e44b8fdf17a')}], 'NhsNumber': [{'value': '7832003812', 'date': '2018-11-01T00:00:00', 'id': UUID('62df40b8-9d43-4d12-83f1-9ea5c3905506')}], 'randID': [{'value': 4.753451417038555, 'date': '2018-11-01T00:00:00', 'id': UUID('9e92328e-c1dd-4a98-bd2e-b3941b88d79f')}], 'anotheTest': [{'value': {'Value': UUID('b51761b1-8f3d-46af-a5dd-a624acf27fa0')}, 'date': '2018-11-01T00:00:00', 'id': UUID('892647b2-97a2-4ad5-89e7-49b90d718495')}]}","{'UUID': {'value': UUID('a8389e0f-32e1-4cb3-a260-cddba89608b3'), 'date': '2018-11-01T00:00:00', 'id': UUID('c8364e5f-3442-4354-9c46-2e44b8fdf17a')}, 'NhsNumber': {'value': '7832003812', 'date': '2018-11-01T00:00:00', 'id': UUID('62df40b8-9d43-4d12-83f1-9ea5c3905506')}, 'randID': {'value': 4.753451417038555, 'date': '2018-11-01T00:00:00', 'id': UUID('9e92328e-c1dd-4a98-bd2e-b3941b88d79f')}, 'anotheTest': {'value': {'Value': UUID('b51761b1-8f3d-46af-a5dd-a624acf27fa0')}, 'date': '2018-11-01T00:00:00', 'id': UUID('892647b2-97a2-4ad5-89e7-49b90d718495')}}","{'name': 'anotheTest', 'value': {'Value': UUID('b51761b1-8f3d-46af-a5dd-a624acf27fa0')}, 'date': '2018-11-01T00:00:00', 'id': UUID('892647b2-97a2-4ad5-89e7-49b90d718495')}","a8389e0f-32e1-4cb3-a260-cddba89608b3","7832003812","4.753451417038555","{'Value': UUID('b51761b1-8f3d-46af-a5dd-a624acf27fa0')}","","","","","","","","","","","","","","",""
"Castlefields and Ditherington","England","17","Male","1961-06-21 00:00:00","Mellor","Christopher","Castlefields School","Castlefields GP","False","{'UUID': [{'value': UUID('c8303452-1136-49d6-b7a0-883dc73662b2'), 'date': '1961-06-21T00:00:00', 'id': UUID('e3f3847c-0812-45b0-af57-8cc4744e6020')}], 'NhsNumber': [{'value': '7832003812', 'date': '1961-06-21T00:00:00', 'id': UUID('d464a1fc-2004-4e05-a87c-fd1a0e6a8f89')}], 'randID': [{'value': 4.710381614157546, 'date': '1961-06-21T00:00:00', 'id': UUID('33443b38-75a0-447f-a56e-1e1ee2299944')}], 'anotheTest': [{'value': {'Value': UUID('99fd8e70-6fab-41c3-bf67-645a1db79d19')}, 'date': '1961-06-21T00:00:00', 'id': UUID('b73bb86f-ab0a-45d0-81ba-4fff24338ad6')}]}","{'UUID': {'value': UUID('c8303452-1136-49d6-b7a0-883dc73662b2'), 'date': '1961-06-21T00:00:00', 'id': UUID('e3f3847c-0812-45b0-af57-8cc4744e6020')}, 'NhsNumber': {'value': '7832003812', 'date': '1961-06-21T00:00:00', 'id': UUID('d464a1fc-2004-4e05-a87c-fd1a0e6a8f89')}, 'randID': {'value': 4.710381614157546, 'date': '1961-06-21T00:00:00', 'id': UUID('33443b38-75a0-447f-a56e-1e1ee2299944')}, 'anotheTest': {'value': {'Value': UUID('99fd8e70-6fab-41c3-bf67-645a1db79d19')}, 'date': '1961-06-21T00:00:00', 'id': UUID('b73bb86f-ab0a-45d0-81ba-4fff24338ad6')}}","{'name': 'anotheTest', 'value': {'Value': UUID('99fd8e70-6fab-41c3-bf67-645a1db79d19')}, 'date': '1961-06-21T00:00:00', 'id': UUID('b73bb86f-ab0a-45d0-81ba-4fff24338ad6')}","c8303452-1136-49d6-b7a0-883dc73662b2","7832003812","4.710381614157546","{'Value': UUID('99fd8e70-6fab-41c3-bf67-645a1db79d19')}","","","","","","","","","","","","","","",""
"Column","England","18","Male","1985-01-03 00:00:00","Leach","Jonathan","Column School","Column GP","False","{'UUID': [{'value': UUID('5e1bedbd-7907-41b4-85b3-d25db1d7e1e1'), 'date': '1985-01-03T00:00:00', 'id': UUID('23511a0e-90b8-4bc4-a9a8-6ee8c5c4a0e1')}], 'NhsNumber': [{'value': '7832003812', 'date': '1985-01-03T00:00:00', 'id': UUID('c3062532-e9dd-4b90-9f04-3aa92e171552')}], 'randID': [{'value': 5.142943686242764, 'date': '1985-01-03T00:00:00', 'id': UUID('d72abeb8-fa52-4db4-8218-b394d1722d49')}], 'anotheTest': [{'value': {'Value': UUID('8baff755-1cc4-43bb-9568-610a872ac66c')}, 'date': '1985-01-03T00:00:00', 'id': UUID('404db01d-2020-43bb-8d74-eff5962958e3')}]}","{'UUID': {'value': UUID('5e1bedbd-7907-41b4-85b3-d25db1d7e1e1'), 'date': '1985-01-03T00:00:00', 'id': UUID('23511a0e-90b8-4bc4-a9a8-6ee8c5c4a0e1')}, 'NhsNumber': {'value': '7832003812', 'date': '1985-01-03T00:00:00', 'id': UUID('c3062532-e9dd-4b90-9f04-3aa92e171552')}, 'randID': {'value': 5.142943686242764, 'date': '1985-01-03T00:00:00', 'id': UUID('d72abeb8-fa52-4db4-8218-b394d1722d49')}, 'anotheTest': {'value': {'Value': UUID('8baff755-1cc4-43bb-9568-610a872ac66c')}, 'date': '1985-01-03T00:00:00', 'id': UUID('404db01d-2020-43bb-8d74-eff5962958e3')}}","{'name': 'anotheTest', 'value': {'Value': UUID('8baff755-1cc4-43bb-9568-610a872ac66c')}, 'date': '1985-01-03T00:00:00', 'id': UUID('404db01d-2020-43bb-8d74-eff5962958e3')}","5e1bedbd-7907-41b4-85b3-d25db1d7e1e1","7832003812","5.142943686242764","{'Value': UUID('8baff755-1cc4-43bb-9568-610a872ac66c')}","","","","","","","","","","","","","","",""
"Column","England","19","Female","2013-09-06 00:00:00","Armstrong","Caitlin","Column School","Column GP","False","{'UUID': [{'value': UUID('0805704e-6100-4c49-81aa-456925d1c26f'), 'date': '2013-09-06T00:00:00', 'id': UUID('4928e03f-f483-49ed-bc86-0d0ebc0618b2')}], 'NhsNumber': [{'value': '7832003812', 'date': '2013-09-06T00:00:00', 'id': UUID('cd7626bb-5fcc-49cc-9e6d-e9f4415e2129')}], 'randID': [{'value': 5.152768310416809, 'date': '2013-09-06T00:00:00', 'id': UUID('feaa585a-00de-490f-a5d3-1e3e42791303')}], 'anotheTest': [{'value': {'Value': UUID('44331bb8-b301-40ca-970b-1a114e7f716d')}, 'date': '2013-09-06T00:00:00', 'id': UUID('e2d9ce84-d4dd-43b4-9f6d-71354dd9d784')}]}","{'UUID': {'value': UUID('0805704e-6100-4c49-81aa-456925d1c26f'), 'date': '2013-09-06T00:00:00', 'id': UUID('4928e03f-f483-49ed-bc86-0d0ebc0618b2')}, 'NhsNumber': {'value': '7832003812', 'date': '2013-09-06T00:00:00', 'id': UUID('cd7626bb-5fcc-49cc-9e6d-e9f4415e2129')}, 'randID': {'value': 5.152768310416809, 'date': '2013-09-06T00:00:00', 'id': UUID('feaa585a-00de-490f-a5d3-1e3e42791303')}, 'anotheTest': {'value': {'Value': UUID('44331bb8-b301-40ca-970b-1a114e7f716d')}, 'date': '2013-09-06T00:00:00', 'id': UUID('e2d9ce84-d4dd-43b4-9f6d-71354dd9d784')}}","{'name': 'anotheTest', 'value': {'Value': UUID('44331bb8-b301-40ca-970b-1a114e7f716d')}, 'date': '2013-09-06T00:00:00', 'id': UUID('e2d9ce84-d4dd-43b4-9f6d-71354dd9d784')}","0805704e-6100-4c49-81aa-456925d1c26f","7832003812","5.152768310416809","{'Value': UUID('44331bb8-b301-40ca-970b-1a114e7f716d')}","","","","","","","","","","","","","","",""
"Column","England","20","Female","1979-11-06 00:00:00","Iqbal","Bethany","Column School","Column GP","False","{'UUID': [{'value': UUID('acded74d-c735-4002-9a34-5105eaeb1a5c'), 'date': '1979-11-06T00:00:00', 'id': UUID('69bee310-b94c-4269-acbf-22212f615c06')}], 'NhsNumber': [{'value': '7832003812', 'date': '1979-11-06T00:00:00', 'id': UUID('47017dc7-3b4b-4e9d-9560-6596b68a7211')}], 'randID': [{'value': 4.738824890712108, 'date': '1979-11-06T00:00:00', 'id': UUID('37dd29a9-9981-4796-9d6a-9a61731eb8e3')}], 'anotheTest': [{'value': {'Value': UUID('6cbf3d80-bf55-46ae-bcdf-b15ceba6aa6a')}, 'date': '1979-11-06T00:00:00', 'id': UUID('7e711c65-33eb-4d70-971a-4f4680199b1b')}]}","{'UUID': {'value': UUID('acded74d-c735-4002-9a34-5105eaeb1a5c'), 'date': '1979-11-06T00:00:00', 'id': UUID('69bee310-b94c-4269-acbf-22212f615c06')}, 'NhsNumber': {'value': '7832003812', 'date': '1979-11-06T00:00:00', 'id': UUID('47017dc7-3b4b-4e9d-9560-6596b68a7211')}, 'randID': {'value': 4.738824890712108, 'date': '1979-11-06T00:00:00', 'id': UUID('37dd29a9-9981-4796-9d6a-9a61731eb8e3')}, 'anotheTest': {'value': {'Value': UUID('6cbf3d80-bf55-46ae-bcdf-b15ceba6aa6a')}, 'date': '1979-11-06T00:00:00', 'id': UUID('7e711c65-33eb-4d70-971a-4f4680199b1b')}}","{'name': 'anotheTest', 'value': {'Value': UUID('6cbf3d80-bf55-46ae-bcdf-b15ceba6aa6a')}, 'date': '1979-11-06T00:00:00', 'id': UUID('7e711c65-33eb-4d70-971a-4f4680199b1b')}","acded74d-c735-4002-9a34-5105eaeb1a5c","7832003812","4.738824890712108","{'Value': UUID('6cbf3d80-bf55-46ae-bcdf-b15ceba6aa6a')}","","","","","","","","","","","","","","",""
"Copthorne","England","21","Male","2013-01-28 00:00:00","Ahmed","Tyler","Copthorne School","Copthorne GP","False","{'UUID': [{'value': UUID('3d073529-1fa2-4552-b520-6a1a4b07ada4'), 'date': '2013-01-28T00:00:00', 'id': UUID('8fd51136-9487-4479-886d-ea58b92e456a')}], 'NhsNumber': [{'value': '7832003812', 'date': '2013-01-28T00:00:00', 'id': UUID('bdee3884-bf79-47e8-b41e-91139159ab96')}], 'randID': [{'value': 4.9830195362268945, 'date': '2013-01-28T00:00:00', 'id': UUID('73a08f0e-af30-453e-931c-cd7af0e08592')}], 'anotheTest': [{'value': {'Value': UUID('2464919b-f168-4a9e-a381-6132b8163fbf')}, 'date': '2013-01-28T00:00:00', 'id': UUID('2bc74bf6-4643-46d6-8616-789390629864')}]}","{'UUID': {'value': UUID('3d073529-1fa2-4552-b520-6a1a4b07ada4'), 'date': '2013-01-28T00:00:00', 'id': UUID('8fd51136-9487-4479-886d-ea58b92e456a')}, 'NhsNumber': {'value': '7832003812', 'date': '2013-01-28T00:00:00', 'id': UUID('bdee3884-bf79-47e8-b41e-91139159ab96')}, 'randID': {'value': 4.9830195362268945, 'date': '2013-01-28T00:00:00', 'id': UUID('73a08f0e-af30-453e-931c-cd7af0e08592')}, 'anotheTest': {'value': {'Value': UUID('2464919b-f168-4a9e-a381-6132b8163fbf')}, 'date': '2013-01-28T00:00:00', 'id': UUID('2bc74bf6-4643-46d6-8616-789390629864')}}","{'name': 'anotheTest', 'value': {'Value': UUID('2464919b-f168-4a9e-a381-6132b8163fbf')}, 'date': '2013-01-28T00:00:00', 'id': UUID('2bc74bf6-4643-46d6-8616-789390629864')}","3d073529-1fa2-4552-b520-6a1a4b07ada4","7832003812","4.9830195362268945","{'Value': UUID('2464919b-f168-4a9e-a381-6132b8163fbf')}","","","","","","","","","","","","","","",""
"Copthorne","England","22","Female","1975-08-07 00:00:00","Palmer","Grace","Copthorne School","Copthorne GP","False","{'UUID': [{'value': UUID('c8e21ab0-6f07-4dee-8116-55da2764c98f'), 'date': '1975-08-07T00:00:00', 'id': UUID('acecaa40-2920-4e4d-b3b2-d7eb07b5e2bc')}], 'NhsNumber': [{'value': '7832003812', 'date': '1975-08-07T00:00:00', 'id': UUID('3ebd51fb-3de3-4ac5-a64f-1d1b45b88b21')}], 'randID': [{'value': 5.303155066805277, 'date': '1975-08-07T00:00:00', 'id': UUID('2368caff-5d5c-4420-8343-ed2d312633a2')}], 'anotheTest': [{'value': {'Value': UUID('74d8a6e5-14a4-4b10-9923-67d44ca7a91c')}, 'date': '1975-08-07T00:00:00', 'id': UUID('d6703ee1-e9a2-4288-891e-615f022d7468')}]}","{'UUID': {'value': UUID('c8e21ab0-6f07-4dee-8116-55da2764c98f'), 'date': '1975-08-07T00:00:00', 'id': UUID('acecaa40-2920-4e4d-b3b2-d7eb07b5e2bc')}, 'NhsNumber': {'value': '7832003812', 'date': '1975-08-07T00:00:00', 'id': UUID('3ebd51fb-3de3-4ac5-a64f-1d1b45b88b21')}, 'randID': {'value': 5.303155066805277, 'date': '1975-08-07T00:00:00', 'id': UUID('2368caff-5d5c-4420-8343-ed2d312633a2')}, 'anotheTest': {'value': {'Value': UUID('74d8a6e5-14a4-4b10-9923-67d44ca7a91c')}, 'date': '1975-08-07T00:00:00', 'id': UUID('d6703ee1-e9a2-4288-891e-615f022d7468')}}","{'name': 'anotheTest', 'value': {'Value': UUID('74d8a6e5-14a4-4b10-9923-67d44ca7a91c')}, 'date': '1975-08-07T00:00:00', 'id': UUID('d6703ee1-e9a2-4288-891e-615f022d7468')}","c8e21ab0-6f07-4dee-8116-55da2764c98f","7832003812","5.303155066805277","{'Value': UUID('74d8a6e5-14a4-4b10-9923-67d44ca7a91c')}","","","","","","","","","","","","","","",""
"Copthorne","England","23","Female","1971-04-30 00:00:00","Barber","Eleanor","Copthorne School","Copthorne GP","False","{'UUID': [{'value': UUID('c46186aa-df97-4a12-8696-e4a9f420489a'), 'date': '1971-04-30T00:00:00', 'id': UUID('9ec63e55-cc76-49ab-a1da-6486bc4b1854')}], 'NhsNumber': [{'value': '7832003812', 'date': '1971-04-30T00:00:00', 'id': UUID('c047217f-cfcc-4593-a925-1c0b9ce08dbd')}], 'randID': [{'value': 4.343220317321122, 'date': '1971-04-30T00:00:00', 'id': UUID('474ffdbd-a97b-4034-b6d4-e98628c0ab05')}], 'anotheTest': [{'value': {'Value': UUID('cf37129f-1a28-4739-81c2-0833038bfb63')}, 'date': '1971-04-30T00:00:00', 'id': UUID('1015997d-a964-4288-b316-368c06a585ed')}]}","{'UUID': {'value': UUID('c46186aa-df97-4a12-8696-e4a9f420489a'), 'date': '1971-04-30T00:00:00', 'id': UUID('9ec63e55-cc76-49ab-a1da-6486bc4b1854')}, 'NhsNumber': {'value': '7832003812', 'date': '1971-04-30T00:00:00', 'id': UUID('c047217f-cfcc-4593-a925-1c0b9ce08dbd')}, 'randID': {'value': 4.343220317321122, 'date': '1971-04-30T00:00:00', 'id': UUID('474ffdbd-a97b-4034-b6d4-e98628c0ab05')}, 'anotheTest': {'value': {'Value': UUID('cf37129f-1a28-4739-81c2-0833038bfb63')}, 'date': '1971-04-30T00:00:00', 'id': UUID('1015997d-a964-4288-b316-368c06a585ed')}}","{'name': 'anotheTest', 'value': {'Value': UUID('cf37129f-1a28-4739-81c2-0833038bfb63')}, 'date': '1971-04-30T00:00:00', 'id': UUID('1015997d-a964-4288-b316-368c06a585ed')}","c46186aa-df97-4a12-8696-e4a9f420489a","7832003812","4.343220317321122","{'Value': UUID('cf37129f-1a28-4739-81c2-0833038bfb63')}","","","","","","","","","","","","","","",""
"Harlescott","England","24","Male","1948-09-23 00:00:00","White","Charles","Harlescott School","Harlescott GP","False","{'UUID': [{'value': UUID('40bb9115-1baa-4105-865d-5a23a33ceecf'), 'date': '1948-09-23T00:00:00', 'id': UUID('bea444ab-bc58-4140-9380-baefbd4e7e0c')}], 'NhsNumber': [{'value': '7832003812', 'date': '1948-09-23T00:00:00', 'id': UUID('4989c2d0-d825-41cf-bb65-4543c1c61250')}], 'randID': [{'value': 4.260115901280466, 'date': '1948-09-23T00:00:00', 'id': UUID('78ba73f7-1299-4925-84bb-5f5be485ab9a')}], 'anotheTest': [{'value': {'Value': UUID('0a9d4335-3098-4625-bb80-fd19fb91a1a5')}, 'date': '1948-09-23T00:00:00', 'id': UUID('0ede9ff1-3bab-4c04-956c-b23f43d2a334')}]}","{'UUID': {'value': UUID('40bb9115-1baa-4105-865d-5a23a33ceecf'), 'date': '1948-09-23T00:00:00', 'id': UUID('bea444ab-bc58-4140-9380-baefbd4e7e0c')}, 'NhsNumber': {'value': '7832003812', 'date': '1948-09-23T00:00:00', 'id': UUID('4989c2d0-d825-41cf-bb65-4543c1c61250')}, 'randID': {'value': 4.260115901280466, 'date': '1948-09-23T00:00:00', 'id': UUID('78ba73f7-1299-4925-84bb-5f5be485ab9a')}, 'anotheTest': {'value': {'Value': UUID('0a9d4335-3098-4625-bb80-fd19fb91a1a5')}, 'date': '1948-09-23T00:00:00', 'id': UUID('0ede9ff1-3bab-4c04-956c-b23f43d2a334')}}","{'name': 'anotheTest', 'value': {'Value': UUID('0a9d4335-3098-4625-bb80-fd19fb91a1a5')}, 'date': '1948-09-23T00:00:00', 'id': UUID('0ede9ff1-3bab-4c04-956c-b23f43d2a334')}","40bb9115-1baa-4105-865d-5a23a33ceecf","7832003812","4.260115901280466","{'Value': UUID('0a9d4335-3098-4625-bb80-fd19fb91a1a5')}","","","","","","","","","","","","","","",""
"Harlescott","England","25","Male","2006-05-15 00:00:00","Davies","Kian","Harlescott School","Harlescott GP","False","{'UUID': [{'value': UUID('b5713a2e-a4b3-476b-8cc8-0de515db2a03'), 'date': '2006-05-15T00:00:00', 'id': UUID('05ab428d-2df9-4007-8759-5259f35e6663')}], 'NhsNumber': [{'value': '7832003812', 'date': '2006-05-15T00:00:00', 'id': UUID('7d17a4fc-8a65-4b09-91c3-5f18eb0e8572')}], 'randID': [{'value': 5.070379581151236, 'date': '2006-05-15T00:00:00', 'id': UUID('577e1b98-021c-4cb9-85b0-2269bea9a9d3')}], 'anotheTest': [{'value': {'Value': UUID('fe68ccf9-3509-49b0-bd36-70b3a6e8ec74')}, 'date': '2006-05-15T00:00:00', 'id': UUID('b245c05a-bfdd-49f3-bd85-3d3993477fc6')}]}","{'UUID': {'value': UUID('b5713a2e-a4b3-476b-8cc8-0de515db2a03'), 'date': '2006-05-15T00:00:00', 'id': UUID('05ab428d-2df9-4007-8759-5259f35e6663')}, 'NhsNumber': {'value': '7832003812', 'date': '2006-05-15T00:00:00', 'id': UUID('7d17a4fc-8a65-4b09-91c3-5f18eb0e8572')}, 'randID': {'value': 5.070379581151236, 'date': '2006-05-15T00:00:00', 'id': UUID('577e1b98-021c-4cb9-85b0-2269bea9a9d3')}, 'anotheTest': {'value': {'Value': UUID('fe68ccf9-3509-49b0-bd36-70b3a6e8ec74')}, 'date': '2006-05-15T00:00:00', 'id': UUID('b245c05a-bfdd-49f3-bd85-3d3993477fc6')}}","{'name': 'anotheTest', 'value': {'Value': UUID('fe68ccf9-3509-49b0-bd36-70b3a6e8ec74')}, 'date': '2006-05-15T00:00:00', 'id': UUID('b245c05a-bfdd-49f3-bd85-3d3993477fc6')}","b5713a2e-a4b3-476b-8cc8-0de515db2a03","7832003812","5.070379581151236","{'Value': UUID('fe68ccf9-3509-49b0-bd36-70b3a6e8ec74')}","","","","","","","","","","","","","","",""
"Harlescott","England","26","Female","1967-07-04 00:00:00","Cook","Chloe","Harlescott School","Harlescott GP","False","{'UUID': [{'value': UUID('2cfd5c4b-30f6-4d52-adf2-4a7212e1962c'), 'date': '1967-07-04T00:00:00', 'id': UUID('c6ec524d-204c-4953-b3dc-48c677798cfb')}], 'NhsNumber': [{'value': '7832003812', 'date': '1967-07-04T00:00:00', 'id': UUID('d6ff31fc-b66d-4e7e-848f-8cb9c5f135e9')}], 'randID': [{'value': 4.394681974842384, 'date': '1967-07-04T00:00:00', 'id': UUID('4ec0bdff-c0fd-482f-a70d-dd89fc851ce4')}], 'anotheTest': [{'value': {'Value': UUID('fa37f413-7676-436a-b2e6-4126dcafdd9c')}, 'date': '1967-07-04T00:00:00', 'id': UUID('411a5361-ded3-42dd-a70d-bbdd6d1b3560')}]}","{'UUID': {'value': UUID('2cfd5c4b-30f6-4d52-adf2-4a7212e1962c'), 'date': '1967-07-04T00:00:00', 'id': UUID('c6ec524d-204c-4953-b3dc-48c677798cfb')}, 'NhsNumber': {'value': '7832003812', 'date': '1967-07-04T00:00:00', 'id': UUID('d6ff31fc-b66d-4e7e-848f-8cb9c5f135e9')}, 'randID': {'value': 4.394681974842384, 'date': '1967-07-04T00:00:00', 'id': UUID('4ec0bdff-c0fd-482f-a70d-dd89fc851ce4')}, 'anotheTest': {'value': {'Value': UUID('fa37f413-7676-436a-b2e6-4126dcafdd9c')}, 'date': '1967-07-04T00:00:00', 'id': UUID('411a5361-ded3-42dd-a70d-bbdd6d1b3560')}}","{'name': 'anotheTest', 'value': {'Value': UUID('fa37f413-7676-436a-b2e6-4126dcafdd9c')}, 'date': '1967-07-04T00:00:00', 'id': UUID('411a5361-ded3-42dd-a70d-bbdd6d1b3560')}","2cfd5c4b-30f6-4d52-adf2-4a7212e1962c","7832003812","4.394681974842384","{'Value': UUID('fa37f413-7676-436a-b2e6-4126dcafdd9c')}","","","","","","","","","","","","","","",""
"Meole","England","27","Female","1984-08-20 00:00:00","Yates","Kiera","Meole School","Meole GP","False","{'UUID': [{'value': UUID('f1d7c3a3-d45a-4cf4-aa96-82bbae87ef1b'), 'date': '1984-08-20T00:00:00', 'id': UUID('1f7cb7ea-c8ef-4f5b-8115-0afcb52c0cf0')}], 'NhsNumber': [{'value': '7832003812', 'date': '1984-08-20T00:00:00', 'id': UUID('8178ba03-c86a-4530-9f4f-e72031ad3e32')}], 'randID': [{'value': 4.64560660101918, 'date': '1984-08-20T00:00:00', 'id': UUID('54e1fa32-2651-4bd3-a2da-1dc45413c3c9')}], 'anotheTest': [{'value': {'Value': UUID('66cbc6fe-3b58-41ab-9747-4cad80674080')}, 'date': '1984-08-20T00:00:00', 'id': UUID('e27c3ec3-e2f4-47f5-a211-20a394aa5ced')}]}","{'UUID': {'value': UUID('f1d7c3a3-d45a-4cf4-aa96-82bbae87ef1b'), 'date': '1984-08-20T00:00:00', 'id': UUID('1f7cb7ea-c8ef-4f5b-8115-0afcb52c0cf0')}, 'NhsNumber': {'value': '7832003812', 'date': '1984-08-20T00:00:00', 'id': UUID('8178ba03-c86a-4530-9f4f-e72031ad3e32')}, 'randID': {'value': 4.64560660101918, 'date': '1984-08-20T00:00:00', 'id': UUID('54e1fa32-2651-4bd3-a2da-1dc45413c3c9')}, 'anotheTest': {'value': {'Value': UUID('66cbc6fe-3b58-41ab-9747-4cad80674080')}, 'date': '1984-08-20T00:00:00', 'id': UUID('e27c3ec3-e2f4-47f5-a211-20a394aa5ced')}}","{'name': 'anotheTest', 'value': {'Value': UUID('66cbc6fe-3b58-41ab-9747-4cad80674080')}, 'date': '1984-08-20T00:00:00', 'id': UUID('e27c3ec3-e2f4-47f5-a211-20a394aa5ced')}","f1d7c3a3-d45a-4cf4-aa96-82bbae87ef1b","7832003812","4.64560660101918","{'Value': UUID('66cbc6fe-3b58-41ab-9747-4cad80674080')}","","","","","","","","","","","","","","",""
"Meole","England","28","Male","2008-09-13 00:00:00","Steele","Edward","Meole School","Meole GP","False","{'UUID': [{'value': UUID('cabc6239-28af-449f-86d9-91f683b445a0'), 'date': '2008-09-13T00:00:00', 'id': UUID('ef63c0ae-13cd-4e1d-a7aa-07f7e2ce2d30')}], 'NhsNumber': [{'value': '7832003812', 'date': '2008-09-13T00:00:00', 'id': UUID('c2a4b61e-11ef-42ca-9ee9-6e8b8f2727e9')}], 'randID': [{'value': 4.935868907499036, 'date': '2008-09-13T00:00:00', 'id': UUID('a8e79f58-0c55-477e-87fb-070b34806da3')}], 'anotheTest': [{'value': {'Value': UUID('2f16a725-22fe-41fa-a9ad-b4295a8428df')}, 'date': '2008-09-13T00:00:00', 'id': UUID('fda25e52-383e-4b37-9377-58efe35f04b8')}]}","{'UUID': {'value': UUID('cabc6239-28af-449f-86d9-91f683b445a0'), 'date': '2008-09-13T00:00:00', 'id': UUID('ef63c0ae-13cd-4e1d-a7aa-07f7e2ce2d30')}, 'NhsNumber': {'value': '7832003812', 'date': '2008-09-13T00:00:00', 'id': UUID('c2a4b61e-11ef-42ca-9ee9-6e8b8f2727e9')}, 'randID': {'value': 4.935868907499036, 'date': '2008-09-13T00:00:00', 'id': UUID('a8e79f58-0c55-477e-87fb-070b34806da3')}, 'anotheTest': {'value': {'Value': UUID('2f16a725-22fe-41fa-a9ad-b4295a8428df')}, 'date': '2008-09-13T00:00:00', 'id': UUID('fda25e52-383e-4b37-9377-58efe35f04b8')}}","{'name': 'anotheTest', 'value': {'Value': UUID('2f16a725-22fe-41fa-a9ad-b4295a8428df')}, 'date': '2008-09-13T00:00:00', 'id': UUID('fda25e52-383e-4b37-9377-58efe35f04b8')}","cabc6239-28af-449f-86d9-91f683b445a0","7832003812","4.935868907499036","{'Value': UUID('2f16a725-22fe-41fa-a9ad-b4295a8428df')}","","","","","","","","","","","","","","",""
"Meole","England","29","Female","1939-06-27 00:00:00","Bevan","Francesca","Meole School","Meole GP","False","{'UUID': [{'value': UUID('b48f6c47-477a-48ab-8fc9-0cffd479c3cb'), 'date': '1939-06-27T00:00:00', 'id': UUID('37a8ae5d-15fc-4bb7-9933-0fab14e6dc4b')}], 'NhsNumber': [{'value': '7832003812', 'date': '1939-06-27T00:00:00', 'id': UUID('bc29a23e-01bf-4c72-bbe3-42c0b2397dfb')}], 'randID': [{'value': 4.00030023262723, 'date': '1939-06-27T00:00:00', 'id': UUID('5edf4d35-2a97-4b9b-b5d5-edea9d7801e2')}], 'anotheTest': [{'value': {'Value': UUID('f61d89f2-683a-41ac-b857-576ffad129b8')}, 'date': '1939-06-27T00:00:00', 'id': UUID('449c6429-7152-4d02-8c22-70880885fca5')}]}","{'UUID': {'value': UUID('b48f6c47-477a-48ab-8fc9-0cffd479c3cb'), 'date': '1939-06-27T00:00:00', 'id': UUID('37a8ae5d-15fc-4bb7-9933-0fab14e6dc4b')}, 'NhsNumber': {'value': '7832003812', 'date': '1939-06-27T00:00:00', 'id': UUID('bc29a23e-01bf-4c72-bbe3-42c0b2397dfb')}, 'randID': {'value': 4.00030023262723, 'date': '1939-06-27T00:00:00', 'id': UUID('5edf4d35-2a97-4b9b-b5d5-edea9d7801e2')}, 'anotheTest': {'value': {'Value': UUID('f61d89f2-683a-41ac-b857-576ffad129b8')}, 'date': '1939-06-27T00:00:00', 'id': UUID('449c6429-7152-4d02-8c22-70880885fca5')}}","{'name': 'anotheTest', 'value': {'Value': UUID('f61d89f2-683a-41ac-b857-576ffad129b8')}, 'date': '1939-06-27T00:00:00', 'id': UUID('449c6429-7152-4d02-8c22-70880885fca5')}","b48f6c47-477a-48ab-8fc9-0cffd479c3cb","7832003812","4.00030023262723","{'Value': UUID('f61d89f2-683a-41ac-b857-576ffad129b8')}","","","","","","","","","","","","","","",""
"Monkmoor","England","30","Male","1958-09-27 00:00:00","Vincent","Mohammad","Monkmoor School","Monkmoor GP","False","{'UUID': [{'value': UUID('13f1537d-1e82-413f-ade9-8d19fe9469fb'), 'date': '1958-09-27T00:00:00', 'id': UUID('d38dd913-7492-42d6-ba62-75d393713213')}], 'NhsNumber': [{'value': '7832003812', 'date': '1958-09-27T00:00:00', 'id': UUID('db3a0eb1-036f-4d8e-a00b-2d9fcc972a9a')}], 'randID': [{'value': 5.1259816533146685, 'date': '1958-09-27T00:00:00', 'id': UUID('0e966185-d60e-4940-9a97-d21472e359f5')}], 'anotheTest': [{'value': {'Value': UUID('932f58bc-0d59-452e-8b2d-7befee18ad42')}, 'date': '1958-09-27T00:00:00', 'id': UUID('3294f23e-a845-46ef-bc7c-2b9eb9bfcfed')}]}","{'UUID': {'value': UUID('13f1537d-1e82-413f-ade9-8d19fe9469fb'), 'date': '1958-09-27T00:00:00', 'id': UUID('d38dd913-7492-42d6-ba62-75d393713213')}, 'NhsNumber': {'value': '7832003812', 'date': '1958-09-27T00:00:00', 'id': UUID('db3a0eb1-036f-4d8e-a00b-2d9fcc972a9a')}, 'randID': {'value': 5.1259816533146685, 'date': '1958-09-27T00:00:00', 'id': UUID('0e966185-d60e-4940-9a97-d21472e359f5')}, 'anotheTest': {'value': {'Value': UUID('932f58bc-0d59-452e-8b2d-7befee18ad42')}, 'date': '1958-09-27T00:00:00', 'id': UUID('3294f23e-a845-46ef-bc7c-2b9eb9bfcfed')}}","{'name': 'anotheTest', 'value': {'Value': UUID('932f58bc-0d59-452e-8b2d-7befee18ad42')}, 'date': '1958-09-27T00:00:00', 'id': UUID('3294f23e-a845-46ef-bc7c-2b9eb9bfcfed')}","13f1537d-1e82-413f-ade9-8d19fe9469fb","7832003812","5.1259816533146685","{'Value': UUID('932f58bc-0d59-452e-8b2d-7befee18ad42')}","","","","","","","","","","","","","","",""
"Monkmoor","England","31","Female","1964-10-30 00:00:00","Ryan","Phoebe","Monkmoor School","Monkmoor GP","False","{'UUID': [{'value': UUID('5f5e87fe-5720-4de1-a37a-453a5867e7ff'), 'date': '1964-10-30T00:00:00', 'id': UUID('bb9701a6-c509-4e43-966c-819884cb50ba')}], 'NhsNumber': [{'value': '7832003812', 'date': '1964-10-30T00:00:00', 'id': UUID('de515ce1-e481-4854-b128-313b9ce08cef')}], 'randID': [{'value': 5.03047900967873, 'date': '1964-10-30T00:00:00', 'id': UUID('34183995-3492-48e2-80ac-c9dcdc4bca09')}], 'anotheTest': [{'value': {'Value': UUID('9580157c-f5b2-4c6e-b549-a0abfc63a844')}, 'date': '1964-10-30T00:00:00', 'id': UUID('ec1aafd6-dbf0-46e4-9f9b-596f220d96d2')}]}","{'UUID': {'value': UUID('5f5e87fe-5720-4de1-a37a-453a5867e7ff'), 'date': '1964-10-30T00:00:00', 'id': UUID('bb9701a6-c509-4e43-966c-819884cb50ba')}, 'NhsNumber': {'value': '7832003812', 'date': '1964-10-30T00:00:00', 'id': UUID('de515ce1-e481-4854-b128-313b9ce08cef')}, 'randID': {'value': 5.03047900967873, 'date': '1964-10-30T00:00:00', 'id': UUID('34183995-3492-48e2-80ac-c9dcdc4bca09')}, 'anotheTest': {'value': {'Value': UUID('9580157c-f5b2-4c6e-b549-a0abfc63a844')}, 'date': '1964-10-30T00:00:00', 'id': UUID('ec1aafd6-dbf0-46e4-9f9b-596f220d96d2')}}","{'name': 'anotheTest', 'value': {'Value': UUID('9580157c-f5b2-4c6e-b549-a0abfc63a844')}, 'date': '1964-10-30T00:00:00', 'id': UUID('ec1aafd6-dbf0-46e4-9f9b-596f220d96d2')}","5f5e87fe-5720-4de1-a37a-453a5867e7ff","7832003812","5.03047900967873","{'Value': UUID('9580157c-f5b2-4c6e-b549-a0abfc63a844')}","","","","","","","","","","","","","","",""
"Monkmoor","England","32","Female","1949-05-03 00:00:00","Parkinson","Zoe","Monkmoor School","Monkmoor GP","False","{'UUID': [{'value': UUID('ca6bf10b-9904-4275-a0d4-4fabe0cfb7ef'), 'date': '1949-05-03T00:00:00', 'id': UUID('0c70eb73-4176-4e6d-9d38-bbaf5a959415')}], 'NhsNumber': [{'value': '7832003812', 'date': '1949-05-03T00:00:00', 'id': UUID('1973ec34-cb0b-4336-b348-f6a960b78402')}], 'randID': [{'value': 5.294592645000481, 'date': '1949-05-03T00:00:00', 'id': UUID('8203a8bc-23fc-4df4-9943-6fecdd318eb0')}], 'anotheTest': [{'value': {'Value': UUID('c4adfa65-d37b-49a6-b80e-651598f91b96')}, 'date': '1949-05-03T00:00:00', 'id': UUID('c1dd02ed-f950-44b7-8f95-b02bfc9b39e7')}]}","{'UUID': {'value': UUID('ca6bf10b-9904-4275-a0d4-4fabe0cfb7ef'), 'date': '1949-05-03T00:00:00', 'id': UUID('0c70eb73-4176-4e6d-9d38-bbaf5a959415')}, 'NhsNumber': {'value': '7832003812', 'date': '1949-05-03T00:00:00', 'id': UUID('1973ec34-cb0b-4336-b348-f6a960b78402')}, 'randID': {'value': 5.294592645000481, 'date': '1949-05-03T00:00:00', 'id': UUID('8203a8bc-23fc-4df4-9943-6fecdd318eb0')}, 'anotheTest': {'value': {'Value': UUID('c4adfa65-d37b-49a6-b80e-651598f91b96')}, 'date': '1949-05-03T00:00:00', 'id': UUID('c1dd02ed-f950-44b7-8f95-b02bfc9b39e7')}}","{'name': 'anotheTest', 'value': {'Value': UUID('c4adfa65-d37b-49a6-b80e-651598f91b96')}, 'date': '1949-05-03T00:00:00', 'id': UUID('c1dd02ed-f950-44b7-8f95-b02bfc9b39e7')}","ca6bf10b-9904-4275-a0d4-4fabe0cfb7ef","7832003812","5.294592645000481","{'Value': UUID('c4adfa65-d37b-49a6-b80e-651598f91b96')}","","","","","","","","","","","","","","",""
"Porthill","England","33","Female","1972-10-20 00:00:00","Burrows","Madeleine","Porthill School","Porthill GP","False","{'UUID': [{'value': UUID('70f611bc-ec26-4141-b50c-317cfa846003'), 'date': '1972-10-20T00:00:00', 'id': UUID('8ba77482-86af-43f0-9748-89eb3dbf2cf1')}], 'NhsNumber': [{'value': '7832003812', 'date': '1972-10-20T00:00:00', 'id': UUID('cb680876-9c51-4476-98c8-5abc5d78d18e')}], 'randID': [{'value': 4.813414068601082, 'date': '1972-10-20T00:00:00', 'id': UUID('f1fa21cc-5789-4a13-b31c-980a86c85a24')}], 'anotheTest': [{'value': {'Value': UUID('1dd611c2-b3e9-4ee6-8eac-abd7eab87e9d')}, 'date': '1972-10-20T00:00:00', 'id': UUID('c7f0813c-1993-443f-8671-699d4f833550')}]}","{'UUID': {'value': UUID('70f611bc-ec26-4141-b50c-317cfa846003'), 'date': '1972-10-20T00:00:00', 'id': UUID('8ba77482-86af-43f0-9748-89eb3dbf2cf1')}, 'NhsNumber': {'value': '7832003812', 'date': '1972-10-20T00:00:00', 'id': UUID('cb680876-9c51-4476-98c8-5abc5d78d18e')}, 'randID': {'value': 4.813414068601082, 'date': '1972-10-20T00:00:00', 'id': UUID('f1fa21cc-5789-4a13-b31c-980a86c85a24')}, 'anotheTest': {'value': {'Value': UUID('1dd611c2-b3e9-4ee6-8eac-abd7eab87e9d')}, 'date': '1972-10-20T00:00:00', 'id': UUID('c7f0813c-1993-443f-8671-699d4f833550')}}","{'name': 'anotheTest', 'value': {'Value': UUID('1dd611c2-b3e9-4ee6-8eac-abd7eab87e9d')}, 'date': '1972-10-20T00:00:00', 'id': UUID('c7f0813c-1993-443f-8671-699d4f833550')}","70f611bc-ec26-4141-b50c-317cfa846003","7832003812","4.813414068601082","{'Value': UUID('1dd611c2-b3e9-4ee6-8eac-abd7eab87e9d')}","","","","","","","","","","","","","","",""
"Porthill","England","34","Female","1997-11-03 00:00:00","Coles","Imogen","Porthill School","Porthill GP","False","{'UUID': [{'value': UUID('fff212ee-15f3-4f56-9b5b-4ce258b39701'), 'date': '1997-11-03T00:00:00', 'id': UUID('0ab2c38d-8a80-4f12-a676-daf66d478fd6')}], 'NhsNumber': [{'value': '7832003812', 'date': '1997-11-03T00:00:00', 'id': UUID('8069fd5e-a3af-4822-b63f-5daab07feafb')}], 'randID': [{'value': 3.9218681675918226, 'date': '1997-11-03T00:00:00', 'id': UUID('096f85b9-7f76-4d5b-bf47-8998e8a1a8df')}], 'anotheTest': [{'value': {'Value': UUID('36b57836-52a1-4e4e-8aac-548b3e040289')}, 'date': '1997-11-03T00:00:00', 'id': UUID('6131c27d-9699-475b-9006-4c52ba5a57de')}]}","{'UUID': {'value': UUID('fff212ee-15f3-4f56-9b5b-4ce258b39701'), 'date': '1997-11-03T00:00:00', 'id': UUID('0ab2c38d-8a80-4f12-a676-daf66d478fd6')}, 'NhsNumber': {'value': '7832003812', 'date': '1997-11-03T00:00:00', 'id': UUID('8069fd5e-a3af-4822-b63f-5daab07feafb')}, 'randID': {'value': 3.9218681675918226, 'date': '1997-11-03T00:00:00', 'id': UUID('096f85b9-7f76-4d5b-bf47-8998e8a1a8df')}, 'anotheTest': {'value': {'Value': UUID('36b57836-52a1-4e4e-8aac-548b3e040289')}, 'date': '1997-11-03T00:00:00', 'id': UUID('6131c27d-9699-475b-9006-4c52ba5a57de')}}","{'name': 'anotheTest', 'value': {'Value': UUID('36b57836-52a1-4e4e-8aac-548b3e040289')}, 'date': '1997-11-03T00:00:00', 'id': UUID('6131c27d-9699-475b-9006-4c52ba5a57de')}","fff212ee-15f3-4f56-9b5b-4ce258b39701","7832003812","3.9218681675918226","{'Value': UUID('36b57836-52a1-4e4e-8aac-548b3e040289')}","","","","","","","","","","","","","","",""
"Porthill","England","35","Female","2007-04-06 00:00:00","Coleman","Laura","Porthill School","Porthill GP","False","{'UUID': [{'value': UUID('dfcc494a-3d70-42c4-b2b0-2118ad221a68'), 'date': '2007-04-06T00:00:00', 'id': UUID('da836d70-a4ec-4df9-943c-8f0fffd31509')}], 'NhsNumber': [{'value': '7832003812', 'date': '2007-04-06T00:00:00', 'id': UUID('5c8c22fb-1557-4bad-a7c5-8e3eded93375')}], 'randID': [{'value': 4.817979646748105, 'date': '2007-04-06T00:00:00', 'id': UUID('cede316e-bf2e-4eec-a6ad-88c77073810d')}], 'anotheTest': [{'value': {'Value': UUID('57e0e326-666e-409e-8575-d9e04ef49b89')}, 'date': '2007-04-06T00:00:00', 'id': UUID('1b57e84b-16ef-4fcc-a9f4-5cf59143d354')}]}","{'UUID': {'value': UUID('dfcc494a-3d70-42c4-b2b0-2118ad221a68'), 'date': '2007-04-06T00:00:00', 'id': UUID('da836d70-a4ec-4df9-943c-8f0fffd31509')}, 'NhsNumber': {'value': '7832003812', 'date': '2007-04-06T00:00:00', 'id': UUID('5c8c22fb-1557-4bad-a7c5-8e3eded93375')}, 'randID': {'value': 4.817979646748105, 'date': '2007-04-06T00:00:00', 'id': UUID('cede316e-bf2e-4eec-a6ad-88c77073810d')}, 'anotheTest': {'value': {'Value': UUID('57e0e326-666e-409e-8575-d9e04ef49b89')}, 'date': '2007-04-06T00:00:00', 'id': UUID('1b57e84b-16ef-4fcc-a9f4-5cf59143d354')}}","{'name': 'anotheTest', 'value': {'Value': UUID('57e0e326-666e-409e-8575-d9e04ef49b89')}, 'date': '2007-04-06T00:00:00', 'id': UUID('1b57e84b-16ef-4fcc-a9f4-5cf59143d354')}","dfcc494a-3d70-42c4-b2b0-2118ad221a68","7832003812","4.817979646748105","{'Value': UUID('57e0e326-666e-409e-8575-d9e04ef49b89')}","","","","","","","","","","","","","","",""
"Quarry and Coton Hill","England","36","Male","1967-03-13 00:00:00","Moore","Jude","Quarry School","Quarry GP","False","{'UUID': [{'value': UUID('385a6e11-823a-4d6c-aa33-2e56cc369d3d'), 'date': '1967-03-13T00:00:00', 'id': UUID('efe2f846-e0be-4af9-ae7a-38078ad9e1db')}], 'NhsNumber': [{'value': '7832003812', 'date': '1967-03-13T00:00:00', 'id': UUID('c13718b5-1a0e-4b58-b835-9f7442cb1b68')}], 'randID': [{'value': 4.780970552421359, 'date': '1967-03-13T00:00:00', 'id': UUID('e991ea0f-67c1-4a7e-a2f0-c5a52f7a33f7')}], 'anotheTest': [{'value': {'Value': UUID('91fe19f5-5a5d-49d4-9962-e00a942c787b')}, 'date': '1967-03-13T00:00:00', 'id': UUID('7b4319bc-ff6e-43e9-91c7-cbcb64b74436')}]}","{'UUID': {'value': UUID('385a6e11-823a-4d6c-aa33-2e56cc369d3d'), 'date': '1967-03-13T00:00:00', 'id': UUID('efe2f846-e0be-4af9-ae7a-38078ad9e1db')}, 'NhsNumber': {'value': '7832003812', 'date': '1967-03-13T00:00:00', 'id': UUID('c13718b5-1a0e-4b58-b835-9f7442cb1b68')}, 'randID': {'value': 4.780970552421359, 'date': '1967-03-13T00:00:00', 'id': UUID('e991ea0f-67c1-4a7e-a2f0-c5a52f7a33f7')}, 'anotheTest': {'value': {'Value': UUID('91fe19f5-5a5d-49d4-9962-e00a942c787b')}, 'date': '1967-03-13T00:00:00', 'id': UUID('7b4319bc-ff6e-43e9-91c7-cbcb64b74436')}}","{'name': 'anotheTest', 'value': {'Value': UUID('91fe19f5-5a5d-49d4-9962-e00a942c787b')}, 'date': '1967-03-13T00:00:00', 'id': UUID('7b4319bc-ff6e-43e9-91c7-cbcb64b74436')}","385a6e11-823a-4d6c-aa33-2e56cc369d3d","7832003812","4.780970552421359","{'Value': UUID('91fe19f5-5a5d-49d4-9962-e00a942c787b')}","","","","","","","","","","","","","","",""
"Quarry and Coton Hill","England","37","Male","1927-01-02 00:00:00","Chapman","Josh","Coton Hill School","Quarry GP","False","{'UUID': [{'value': UUID('eed06cca-d73f-493b-a4e6-fb81f46874cf'), 'date': '1927-01-02T00:00:00', 'id': UUID('ca3451c6-8e84-4881-a6c3-b0a3a8e16144')}], 'NhsNumber': [{'value': '7832003812', 'date': '1927-01-02T00:00:00', 'id': UUID('e7c82932-4ffd-4c9c-99b1-a72b6f1b227d')}], 'randID': [{'value': 4.48928164529163, 'date': '1927-01-02T00:00:00', 'id': UUID('e80f707e-1496-4803-8a3b-ca8dc59b4b34')}], 'anotheTest': [{'value': {'Value': UUID('be3518d2-7004-4f8f-bd31-739be100ba78')}, 'date': '1927-01-02T00:00:00', 'id': UUID('11f89eca-27e7-472f-9d2d-e0bfd0cce8ba')}]}","{'UUID': {'value': UUID('eed06cca-d73f-493b-a4e6-fb81f46874cf'), 'date': '1927-01-02T00:00:00', 'id': UUID('ca3451c6-8e84-4881-a6c3-b0a3a8e16144')}, 'NhsNumber': {'value': '7832003812', 'date': '1927-01-02T00:00:00', 'id': UUID('e7c82932-4ffd-4c9c-99b1-a72b6f1b227d')}, 'randID': {'value': 4.48928164529163, 'date': '1927-01-02T00:00:00', 'id': UUID('e80f707e-1496-4803-8a3b-ca8dc59b4b34')}, 'anotheTest': {'value': {'Value': UUID('be3518d2-7004-4f8f-bd31-739be100ba78')}, 'date': '1927-01-02T00:00:00', 'id': UUID('11f89eca-27e7-472f-9d2d-e0bfd0cce8ba')}}","{'name': 'anotheTest', 'value': {'Value': UUID('be3518d2-7004-4f8f-bd31-739be100ba78')}, 'date': '1927-01-02T00:00:00', 'id': UUID('11f89eca-27e7-472f-9d2d-e0bfd0cce8ba')}","eed06cca-d73f-493b-a4e6-fb81f46874cf","7832003812","4.48928164529163","{'Value': UUID('be3518d2-7004-4f8f-bd31-739be100ba78')}","","","","","","","","","","","","","","",""
"Quarry and Coton Hill","England","38","Male","1973-07-05 00:00:00","Holmes","John","Coton Hill School","Quarry GP","False","{'UUID': [{'value': UUID('e42724cf-a51d-49c8-8d78-87a6056ad380'), 'date': '1973-07-05T00:00:00', 'id': UUID('2436abf1-4d3f-4335-95ae-fe9bd952ef12')}], 'NhsNumber': [{'value': '7832003812', 'date': '1973-07-05T00:00:00', 'id': UUID('50281e97-7c3d-4551-9cda-d43e939b1a66')}], 'randID': [{'value': 4.084535201752881, 'date': '1973-07-05T00:00:00', 'id': UUID('cc1863bf-e94a-4b2d-82c8-a55446f025a0')}], 'anotheTest': [{'value': {'Value': UUID('9f1e46d9-a8fe-404c-8200-ac7ad294077a')}, 'date': '1973-07-05T00:00:00', 'id': UUID('de785150-9832-4432-a30b-4b49daecb46b')}]}","{'UUID': {'value': UUID('e42724cf-a51d-49c8-8d78-87a6056ad380'), 'date': '1973-07-05T00:00:00', 'id': UUID('2436abf1-4d3f-4335-95ae-fe9bd952ef12')}, 'NhsNumber': {'value': '7832003812', 'date': '1973-07-05T00:00:00', 'id': UUID('50281e97-7c3d-4551-9cda-d43e939b1a66')}, 'randID': {'value': 4.084535201752881, 'date': '1973-07-05T00:00:00', 'id': UUID('cc1863bf-e94a-4b2d-82c8-a55446f025a0')}, 'anotheTest': {'value': {'Value': UUID('9f1e46d9-a8fe-404c-8200-ac7ad294077a')}, 'date': '1973-07-05T00:00:00', 'id': UUID('de785150-9832-4432-a30b-4b49daecb46b')}}","{'name': 'anotheTest', 'value': {'Value': UUID('9f1e46d9-a8fe-404c-8200-ac7ad294077a')}, 'date': '1973-07-05T00:00:00', 'id': UUID('de785150-9832-4432-a30b-4b49daecb46b')}","e42724cf-a51d-49c8-8d78-87a6056ad380","7832003812","4.084535201752881","{'Value': UUID('9f1e46d9-a8fe-404c-8200-ac7ad294077a')}","","","","","","","","","","","","","","",""
"Radbrook","England","39","Female","1941-10-18 00:00:00","Warner","Ella","Radbrook School","Radbrook GP","False","{'UUID': [{'value': UUID('c1b7fc60-7ee4-4cce-b553-ecaf933c0d4c'), 'date': '1941-10-18T00:00:00', 'id': UUID('c0996dec-4482-404e-9a42-c5f3dca82a67')}], 'NhsNumber': [{'value': '7832003812', 'date': '1941-10-18T00:00:00', 'id': UUID('4bf879a4-f582-49e8-8f0a-a0fbb9f5fc41')}], 'randID': [{'value': 4.0568049057201, 'date': '1941-10-18T00:00:00', 'id': UUID('1f0f5f90-a600-4a5c-9696-bf639edb3001')}], 'anotheTest': [{'value': {'Value': UUID('6587b050-dbcd-4b30-8c6e-5ab42f301100')}, 'date': '1941-10-18T00:00:00', 'id': UUID('7a11c07a-f6fc-4550-b355-27e6ba111ebc')}]}","{'UUID': {'value': UUID('c1b7fc60-7ee4-4cce-b553-ecaf933c0d4c'), 'date': '1941-10-18T00:00:00', 'id': UUID('c0996dec-4482-404e-9a42-c5f3dca82a67')}, 'NhsNumber': {'value': '7832003812', 'date': '1941-10-18T00:00:00', 'id': UUID('4bf879a4-f582-49e8-8f0a-a0fbb9f5fc41')}, 'randID': {'value': 4.0568049057201, 'date': '1941-10-18T00:00:00', 'id': UUID('1f0f5f90-a600-4a5c-9696-bf639edb3001')}, 'anotheTest': {'value': {'Value': UUID('6587b050-dbcd-4b30-8c6e-5ab42f301100')}, 'date': '1941-10-18T00:00:00', 'id': UUID('7a11c07a-f6fc-4550-b355-27e6ba111ebc')}}","{'name': 'anotheTest', 'value': {'Value': UUID('6587b050-dbcd-4b30-8c6e-5ab42f301100')}, 'date': '1941-10-18T00:00:00', 'id': UUID('7a11c07a-f6fc-4550-b355-27e6ba111ebc')}","c1b7fc60-7ee4-4cce-b553-ecaf933c0d4c","7832003812","4.0568049057201","{'Value': UUID('6587b050-dbcd-4b30-8c6e-5ab42f301100')}","","","","","","","","","","","","","","",""
"Radbrook","England","40","Male","1996-12-11 00:00:00","Griffiths","Harvey","Radbrook School","Radbrook GP","False","{'UUID': [{'value': UUID('5e30bfe9-b52b-41f2-9b99-e352bb75bc25'), 'date': '1996-12-11T00:00:00', 'id': UUID('9c99d14a-91b5-44c8-ac09-3f19dc110632')}], 'NhsNumber': [{'value': '7832003812', 'date': '1996-12-11T00:00:00', 'id': UUID('e69d888a-15e3-43da-bb91-a19160b5942d')}], 'randID': [{'value': 4.240679752268711, 'date': '1996-12-11T00:00:00', 'id': UUID('da9d17d6-2312-42d8-a773-34e8e8411eb5')}], 'anotheTest': [{'value': {'Value': UUID('4d3fae37-d866-4382-afac-a400d24d505c')}, 'date': '1996-12-11T00:00:00', 'id': UUID('c5644a6f-3966-46c5-b173-6a0e18358d05')}]}","{'UUID': {'value': UUID('5e30bfe9-b52b-41f2-9b99-e352bb75bc25'), 'date': '1996-12-11T00:00:00', 'id': UUID('9c99d14a-91b5-44c8-ac09-3f19dc110632')}, 'NhsNumber': {'value': '7832003812', 'date': '1996-12-11T00:00:00', 'id': UUID('e69d888a-15e3-43da-bb91-a19160b5942d')}, 'randID': {'value': 4.240679752268711, 'date': '1996-12-11T00:00:00', 'id': UUID('da9d17d6-2312-42d8-a773-34e8e8411eb5')}, 'anotheTest': {'value': {'Value': UUID('4d3fae37-d866-4382-afac-a400d24d505c')}, 'date': '1996-12-11T00:00:00', 'id': UUID('c5644a6f-3966-46c5-b173-6a0e18358d05')}}","{'name': 'anotheTest', 'value': {'Value': UUID('4d3fae37-d866-4382-afac-a400d24d505c')}, 'date': '1996-12-11T00:00:00', 'id': UUID('c5644a6f-3966-46c5-b173-6a0e18358d05')}","5e30bfe9-b52b-41f2-9b99-e352bb75bc25","7832003812","4.240679752268711","{'Value': UUID('4d3fae37-d866-4382-afac-a400d24d505c')}","","","","","","","","","","","","","","",""
"Radbrook","England","41","Female","2016-12-25 00:00:00","Black","Lily","Radbrook School","Radbrook GP","False","{'UUID': [{'value': UUID('13e93c26-a7f4-4431-918d-985089e2b560'), 'date': '2016-12-25T00:00:00', 'id': UUID('a69a22b6-d253-427f-9241-5504399a1193')}], 'NhsNumber': [{'value': '7832003812', 'date': '2016-12-25T00:00:00', 'id': UUID('42af709b-6dba-4430-90bc-26dbf1fd101f')}], 'randID': [{'value': 4.282726288515878, 'date': '2016-12-25T00:00:00', 'id': UUID('7b8ed675-0492-41f3-b062-d7b524884e7c')}], 'anotheTest': [{'value': {'Value': UUID('1a5bb733-e04c-4215-b945-f9142d86f08d')}, 'date': '2016-12-25T00:00:00', 'id': UUID('e893df84-9e82-4d8c-ba3a-adadd0fdba35')}]}","{'UUID': {'value': UUID('13e93c26-a7f4-4431-918d-985089e2b560'), 'date': '2016-12-25T00:00:00', 'id': UUID('a69a22b6-d253-427f-9241-5504399a1193')}, 'NhsNumber': {'value': '7832003812', 'date': '2016-12-25T00:00:00', 'id': UUID('42af709b-6dba-4430-90bc-26dbf1fd101f')}, 'randID': {'value': 4.282726288515878, 'date': '2016-12-25T00:00:00', 'id': UUID('7b8ed675-0492-41f3-b062-d7b524884e7c')}, 'anotheTest': {'value': {'Value': UUID('1a5bb733-e04c-4215-b945-f9142d86f08d')}, 'date': '2016-12-25T00:00:00', 'id': UUID('e893df84-9e82-4d8c-ba3a-adadd0fdba35')}}","{'name': 'anotheTest', 'value': {'Value': UUID('1a5bb733-e04c-4215-b945-f9142d86f08d')}, 'date': '2016-12-25T00:00:00', 'id': UUID('e893df84-9e82-4d8c-ba3a-adadd0fdba35')}","13e93c26-a7f4-4431-918d-985089e2b560","7832003812","4.282726288515878","{'Value': UUID('1a5bb733-e04c-4215-b945-f9142d86f08d')}","","","","","","","","","","","","","","",""
"Sundorne","England","42","Female","2008-11-19 00:00:00","Bradley","Poppy","Sundorne School","Sundorne GP","False","{'UUID': [{'value': UUID('484cab33-19c6-4fbf-b39d-38167e8c2270'), 'date': '2008-11-19T00:00:00', 'id': UUID('00b23db6-733b-4ac0-b3b8-cef8bf40cadd')}], 'NhsNumber': [{'value': '7832003812', 'date': '2008-11-19T00:00:00', 'id': UUID('a8b8f84e-80cb-4928-abb4-ddb9e320b4da')}], 'randID': [{'value': 3.961296290237295, 'date': '2008-11-19T00:00:00', 'id': UUID('8181091d-f563-4309-b351-721835edb232')}], 'anotheTest': [{'value': {'Value': UUID('539ee6cc-57d6-44bb-8c0b-7953fa5e83d8')}, 'date': '2008-11-19T00:00:00', 'id': UUID('02d2dbab-227d-42bb-b3d0-3e0ef2f34939')}]}","{'UUID': {'value': UUID('484cab33-19c6-4fbf-b39d-38167e8c2270'), 'date': '2008-11-19T00:00:00', 'id': UUID('00b23db6-733b-4ac0-b3b8-cef8bf40cadd')}, 'NhsNumber': {'value': '7832003812', 'date': '2008-11-19T00:00:00', 'id': UUID('a8b8f84e-80cb-4928-abb4-ddb9e320b4da')}, 'randID': {'value': 3.961296290237295, 'date': '2008-11-19T00:00:00', 'id': UUID('8181091d-f563-4309-b351-721835edb232')}, 'anotheTest': {'value': {'Value': UUID('539ee6cc-57d6-44bb-8c0b-7953fa5e83d8')}, 'date': '2008-11-19T00:00:00', 'id': UUID('02d2dbab-227d-42bb-b3d0-3e0ef2f34939')}}","{'name': 'anotheTest', 'value': {'Value': UUID('539ee6cc-57d6-44bb-8c0b-7953fa5e83d8')}, 'date': '2008-11-19T00:00:00', 'id': UUID('02d2dbab-227d-42bb-b3d0-3e0ef2f34939')}","484cab33-19c6-4fbf-b39d-38167e8c2270","7832003812","3.961296290237295","{'Value': UUID('539ee6cc-57d6-44bb-8c0b-7953fa5e83d8')}","","","","","","","","","","","","","","",""
"Sundorne","England","43","Female","2016-12-09 00:00:00","Austin","Hollie","Sundorne School","Sundorne GP","False","{'UUID': [{'value': UUID('e8a6655c-9e75-44fc-b5d3-dc0860f15324'), 'date': '2016-12-09T00:00:00', 'id': UUID('2c9f6d1f-e185-4073-ae7e-4a0ad8168366')}], 'NhsNumber': [{'value': '7832003812', 'date': '2016-12-09T00:00:00', 'id': UUID('28194cce-b172-40c6-bbc6-e3e830eea786')}], 'randID': [{'value': 4.222372675795391, 'date': '2016-12-09T00:00:00', 'id': UUID('e34c5afe-73a3-4300-9642-0a0bfbfe0db3')}], 'anotheTest': [{'value': {'Value': UUID('3b88fb0e-d6d9-4e57-b4f1-3db368f67127')}, 'date': '2016-12-09T00:00:00', 'id': UUID('e22226af-5034-4a53-8f52-77e9cc5e264a')}]}","{'UUID': {'value': UUID('e8a6655c-9e75-44fc-b5d3-dc0860f15324'), 'date': '2016-12-09T00:00:00', 'id': UUID('2c9f6d1f-e185-4073-ae7e-4a0ad8168366')}, 'NhsNumber': {'value': '7832003812', 'date': '2016-12-09T00:00:00', 'id': UUID('28194cce-b172-40c6-bbc6-e3e830eea786')}, 'randID': {'value': 4.222372675795391, 'date': '2016-12-09T00:00:00', 'id': UUID('e34c5afe-73a3-4300-9642-0a0bfbfe0db3')}, 'anotheTest': {'value': {'Value': UUID('3b88fb0e-d6d9-4e57-b4f1-3db368f67127')}, 'date': '2016-12-09T00:00:00', 'id': UUID('e22226af-5034-4a53-8f52-77e9cc5e264a')}}","{'name': 'anotheTest', 'value': {'Value': UUID('3b88fb0e-d6d9-4e57-b4f1-3db368f67127')}, 'date': '2016-12-09T00:00:00', 'id': UUID('e22226af-5034-4a53-8f52-77e9cc5e264a')}","e8a6655c-9e75-44fc-b5d3-dc0860f15324","7832003812","4.222372675795391","{'Value': UUID('3b88fb0e-d6d9-4e57-b4f1-3db368f67127')}","","","","","","","","","","","","","","",""
"Sundorne","England","44","Male","1987-01-06 00:00:00","Barry","Mohammad","Sundorne School","Sundorne GP","False","{'UUID': [{'value': UUID('6bbfa488-e7ca-4089-a7b9-e1edbd291f48'), 'date': '1987-01-06T00:00:00', 'id': UUID('75905c1f-aaf0-4c29-87fe-60f8c3925563')}], 'NhsNumber': [{'value': '7832003812', 'date': '1987-01-06T00:00:00', 'id': UUID('fb6cbb03-e1fd-442c-9504-3c6ed093a281')}], 'randID': [{'value': 4.332929689315016, 'date': '1987-01-06T00:00:00', 'id': UUID('9a858981-6477-46b5-aaca-2d2c610a08a0')}], 'anotheTest': [{'value': {'Value': UUID('0bb14458-0273-4af2-b385-4151ae39beb4')}, 'date': '1987-01-06T00:00:00', 'id': UUID('6f105f65-2afc-454b-a03a-1f22992d61ab')}]}","{'UUID': {'value': UUID('6bbfa488-e7ca-4089-a7b9-e1edbd291f48'), 'date': '1987-01-06T00:00:00', 'id': UUID('75905c1f-aaf0-4c29-87fe-60f8c3925563')}, 'NhsNumber': {'value': '7832003812', 'date': '1987-01-06T00:00:00', 'id': UUID('fb6cbb03-e1fd-442c-9504-3c6ed093a281')}, 'randID': {'value': 4.332929689315016, 'date': '1987-01-06T00:00:00', 'id': UUID('9a858981-6477-46b5-aaca-2d2c610a08a0')}, 'anotheTest': {'value': {'Value': UUID('0bb14458-0273-4af2-b385-4151ae39beb4')}, 'date': '1987-01-06T00:00:00', 'id': UUID('6f105f65-2afc-454b-a03a-1f22992d61ab')}}","{'name': 'anotheTest', 'value': {'Value': UUID('0bb14458-0273-4af2-b385-4151ae39beb4')}, 'date': '1987-01-06T00:00:00', 'id': UUID('6f105f65-2afc-454b-a03a-1f22992d61ab')}","6bbfa488-e7ca-4089-a7b9-e1edbd291f48","7832003812","4.332929689315016","{'Value': UUID('0bb14458-0273-4af2-b385-4151ae39beb4')}","","","","","","","","","","","","","","",""
"Sutton and Reabrook","England","45","Female","2005-11-20 00:00:00","O'Neill","Evie","Reabrook School","Sutton GP","False","{'UUID': [{'value': UUID('219a45c4-9603-44f6-8c53-f17e15e5f86a'), 'date': '2005-11-20T00:00:00', 'id': UUID('cbaddc90-0123-46d8-8279-5c644b0e3522')}], 'NhsNumber': [{'value': '7832003812', 'date': '2005-11-20T00:00:00', 'id': UUID('9336b686-538a-403f-bedb-c59c941649d7')}], 'randID': [{'value': 5.242206138581755, 'date': '2005-11-20T00:00:00', 'id': UUID('69cb9838-541f-464c-b81a-f13a2943b5b7')}], 'anotheTest': [{'value': {'Value': UUID('800f2657-d655-42ff-8179-9ee51015bccd')}, 'date': '2005-11-20T00:00:00', 'id': UUID('efdaf7c4-b606-45dd-9b06-4f1eecb9e9dc')}]}","{'UUID': {'value': UUID('219a45c4-9603-44f6-8c53-f17e15e5f86a'), 'date': '2005-11-20T00:00:00', 'id': UUID('cbaddc90-0123-46d8-8279-5c644b0e3522')}, 'NhsNumber': {'value': '7832003812', 'date': '2005-11-20T00:00:00', 'id': UUID('9336b686-538a-403f-bedb-c59c941649d7')}, 'randID': {'value': 5.242206138581755, 'date': '2005-11-20T00:00:00', 'id': UUID('69cb9838-541f-464c-b81a-f13a2943b5b7')}, 'anotheTest': {'value': {'Value': UUID('800f2657-d655-42ff-8179-9ee51015bccd')}, 'date': '2005-11-20T00:00:00', 'id': UUID('efdaf7c4-b606-45dd-9b06-4f1eecb9e9dc')}}","{'name': 'anotheTest', 'value': {'Value': UUID('800f2657-d655-42ff-8179-9ee51015bccd')}, 'date': '2005-11-20T00:00:00', 'id': UUID('efdaf7c4-b606-45dd-9b06-4f1eecb9e9dc')}","219a45c4-9603-44f6-8c53-f17e15e5f86a","7832003812","5.242206138581755","{'Value': UUID('800f2657-d655-42ff-8179-9ee51015bccd')}","","","","","","","","","","","","","","",""
"Sutton and Reabrook","England","46","Female","1989-07-20 00:00:00","Lee","Shannon","Reabrook School","Sutton GP","False","{'UUID': [{'value': UUID('969dff61-1204-4ef3-b70d-0c845e9d0059'), 'date': '1989-07-20T00:00:00', 'id': UUID('1e19b54d-a6eb-41c7-b753-814e95116886')}], 'NhsNumber': [{'value': '7832003812', 'date': '1989-07-20T00:00:00', 'id': UUID('438cd3a6-61aa-4263-ba1f-e0deee4f7cee')}], 'randID': [{'value': 4.664559237685278, 'date': '1989-07-20T00:00:00', 'id': UUID('fbdd8cdc-de14-4787-ba4d-bd20150cdf78')}], 'anotheTest': [{'value': {'Value': UUID('cc9d33ab-7fd1-4be4-af68-3b744420ee08')}, 'date': '1989-07-20T00:00:00', 'id': UUID('d4566b07-8931-494f-ad4f-468534433828')}]}","{'UUID': {'value': UUID('969dff61-1204-4ef3-b70d-0c845e9d0059'), 'date': '1989-07-20T00:00:00', 'id': UUID('1e19b54d-a6eb-41c7-b753-814e95116886')}, 'NhsNumber': {'value': '7832003812', 'date': '1989-07-20T00:00:00', 'id': UUID('438cd3a6-61aa-4263-ba1f-e0deee4f7cee')}, 'randID': {'value': 4.664559237685278, 'date': '1989-07-20T00:00:00', 'id': UUID('fbdd8cdc-de14-4787-ba4d-bd20150cdf78')}, 'anotheTest': {'value': {'Value': UUID('cc9d33ab-7fd1-4be4-af68-3b744420ee08')}, 'date': '1989-07-20T00:00:00', 'id': UUID('d4566b07-8931-494f-ad4f-468534433828')}}","{'name': 'anotheTest', 'value': {'Value': UUID('cc9d33ab-7fd1-4be4-af68-3b744420ee08')}, 'date': '1989-07-20T00:00:00', 'id': UUID('d4566b07-8931-494f-ad4f-468534433828')}","969dff61-1204-4ef3-b70d-0c845e9d0059","7832003812","4.664559237685278","{'Value': UUID('cc9d33ab-7fd1-4be4-af68-3b744420ee08')}","","","","","","","","","","","","","","",""
"Sutton and Reabrook","England","47","Male","2006-03-03 00:00:00","Jordan","Jack","Reabrook School","Sutton GP","False","{'UUID': [{'value': UUID('851b3c73-3aa5-42e0-a455-6035ad34bde8'), 'date': '2006-03-03T00:00:00', 'id': UUID('f9b099e9-bff2-4071-8c8f-927bff27e5f7')}], 'NhsNumber': [{'value': '7832003812', 'date': '2006-03-03T00:00:00', 'id': UUID('d7512fe9-5355-4fd1-b454-f51070f3de46')}], 'randID': [{'value': 4.718009749211844, 'date': '2006-03-03T00:00:00', 'id': UUID('f3386b84-1dff-46f6-a017-5e2bd4d439f2')}], 'anotheTest': [{'value': {'Value': UUID('cafbb5d0-8bff-4d42-82ec-7597e72ee33c')}, 'date': '2006-03-03T00:00:00', 'id': UUID('e521c14b-799d-4b38-b1bd-7cc583c91e29')}]}","{'UUID': {'value': UUID('851b3c73-3aa5-42e0-a455-6035ad34bde8'), 'date': '2006-03-03T00:00:00', 'id': UUID('f9b099e9-bff2-4071-8c8f-927bff27e5f7')}, 'NhsNumber': {'value': '7832003812', 'date': '2006-03-03T00:00:00', 'id': UUID('d7512fe9-5355-4fd1-b454-f51070f3de46')}, 'randID': {'value': 4.718009749211844, 'date': '2006-03-03T00:00:00', 'id': UUID('f3386b84-1dff-46f6-a017-5e2bd4d439f2')}, 'anotheTest': {'value': {'Value': UUID('cafbb5d0-8bff-4d42-82ec-7597e72ee33c')}, 'date': '2006-03-03T00:00:00', 'id': UUID('e521c14b-799d-4b38-b1bd-7cc583c91e29')}}","{'name': 'anotheTest', 'value': {'Value': UUID('cafbb5d0-8bff-4d42-82ec-7597e72ee33c')}, 'date': '2006-03-03T00:00:00', 'id': UUID('e521c14b-799d-4b38-b1bd-7cc583c91e29')}","851b3c73-3aa5-42e0-a455-6035ad34bde8","7832003812","4.718009749211844","{'Value': UUID('cafbb5d0-8bff-4d42-82ec-7597e72ee33c')}","","","","","","","","","","","","","","",""
"Underdale","England","48","Female","1952-05-29 00:00:00","Lucas","Grace","Underdale School","Underdale GP","False","{'UUID': [{'value': UUID('191014f1-372b-401e-af02-fce1b9a45567'), 'date': '1952-05-29T00:00:00', 'id': UUID('a892aa09-2d2b-444a-9a36-24c71019ed0f')}], 'NhsNumber': [{'value': '7832003812', 'date': '1952-05-29T00:00:00', 'id': UUID('3e4c238a-e9e4-4616-8b2d-986c01f97ccf')}], 'randID': [{'value': 4.857574031204134, 'date': '1952-05-29T00:00:00', 'id': UUID('726f66ca-e424-409b-8b1e-aef8a6591566')}], 'anotheTest': [{'value': {'Value': UUID('488989a9-a10f-4e37-bef4-72bb5d44caaf')}, 'date': '1952-05-29T00:00:00', 'id': UUID('c9cf8a9c-f8fb-408a-9c3b-2f97a73fffc1')}]}","{'UUID': {'value': UUID('191014f1-372b-401e-af02-fce1b9a45567'), 'date': '1952-05-29T00:00:00', 'id': UUID('a892aa09-2d2b-444a-9a36-24c71019ed0f')}, 'NhsNumber': {'value': '7832003812', 'date': '1952-05-29T00:00:00', 'id': UUID('3e4c238a-e9e4-4616-8b2d-986c01f97ccf')}, 'randID': {'value': 4.857574031204134, 'date': '1952-05-29T00:00:00', 'id': UUID('726f66ca-e424-409b-8b1e-aef8a6591566')}, 'anotheTest': {'value': {'Value': UUID('488989a9-a10f-4e37-bef4-72bb5d44caaf')}, 'date': '1952-05-29T00:00:00', 'id': UUID('c9cf8a9c-f8fb-408a-9c3b-2f97a73fffc1')}}","{'name': 'anotheTest', 'value': {'Value': UUID('488989a9-a10f-4e37-bef4-72bb5d44caaf')}, 'date': '1952-05-29T00:00:00', 'id': UUID('c9cf8a9c-f8fb-408a-9c3b-2f97a73fffc1')}","191014f1-372b-401e-af02-fce1b9a45567","7832003812","4.857574031204134","{'Value': UUID('488989a9-a10f-4e37-bef4-72bb5d44caaf')}","","","","","","","","","","","","","","",""
"Underdale","England","49","Male","1987-04-12 00:00:00","Clark","Jude","Underdale School","Underdale GP","False","{'UUID': [{'value': UUID('dce3f3cb-f28d-449a-b1ce-d151e654533e'), 'date': '1987-04-12T00:00:00', 'id': UUID('9cf76866-e4b4-4649-82b0-e101798c4601')}], 'NhsNumber': [{'value': '7832003812', 'date': '1987-04-12T00:00:00', 'id': UUID('050162aa-ae98-4b1c-8f6d-6aa285dc28ae')}], 'randID': [{'value': 5.2536796858592485, 'date': '1987-04-12T00:00:00', 'id': UUID('587fc8b9-17ee-4305-bbc0-f306917e2a36')}], 'anotheTest': [{'value': {'Value': UUID('2002dabf-0947-4088-aaba-15b768ea0cca')}, 'date': '1987-04-12T00:00:00', 'id': UUID('890167f4-0c87-4ee2-a9d1-ae8918767344')}]}","{'UUID': {'value': UUID('dce3f3cb-f28d-449a-b1ce-d151e654533e'), 'date': '1987-04-12T00:00:00', 'id': UUID('9cf76866-e4b4-4649-82b0-e101798c4601')}, 'NhsNumber': {'value': '7832003812', 'date': '1987-04-12T00:00:00', 'id': UUID('050162aa-ae98-4b1c-8f6d-6aa285dc28ae')}, 'randID': {'value': 5.2536796858592485, 'date': '1987-04-12T00:00:00', 'id': UUID('587fc8b9-17ee-4305-bbc0-f306917e2a36')}, 'anotheTest': {'value': {'Value': UUID('2002dabf-0947-4088-aaba-15b768ea0cca')}, 'date': '1987-04-12T00:00:00', 'id': UUID('890167f4-0c87-4ee2-a9d1-ae8918767344')}}","{'name': 'anotheTest', 'value': {'Value': UUID('2002dabf-0947-4088-aaba-15b768ea0cca')}, 'date': '1987-04-12T00:00:00', 'id': UUID('890167f4-0c87-4ee2-a9d1-ae8918767344')}","dce3f3cb-f28d-449a-b1ce-d151e654533e","7832003812","5.2536796858592485","{'Value': UUID('2002dabf-0947-4088-aaba-15b768ea0cca')}","","","","","","","","","","","","","","",""
"Underdale","England","50","Female","2008-10-15 00:00:00","King","Eleanor","Underdale School","Underdale GP","False","{'UUID': [{'value': UUID('86c84355-6a74-4400-a807-1ebd3d0d60e7'), 'date': '2008-10-15T00:00:00', 'id': UUID('19d6ab51-ef75-4ae5-b5aa-ac06f7b77d91')}], 'NhsNumber': [{'value': '7832003812', 'date': '2008-10-15T00:00:00', 'id': UUID('8d4e8b81-f734-429a-ac94-d4a839d7b229')}], 'randID': [{'value': 4.4130932647149335, 'date': '2008-10-15T00:00:00', 'id': UUID('7097f4cc-6382-40f5-95a6-2949a542b99f')}], 'anotheTest': [{'value': {'Value': UUID('4b2d17d7-ff9b-474a-bdd7-785d4c83bc66')}, 'date': '2008-10-15T00:00:00', 'id': UUID('428475cf-50f1-4c0a-beac-57f2c7b8e0cf')}]}","{'UUID': {'value': UUID('86c84355-6a74-4400-a807-1ebd3d0d60e7'), 'date': '2008-10-15T00:00:00', 'id': UUID('19d6ab51-ef75-4ae5-b5aa-ac06f7b77d91')}, 'NhsNumber': {'value': '7832003812', 'date': '2008-10-15T00:00:00', 'id': UUID('8d4e8b81-f734-429a-ac94-d4a839d7b229')}, 'randID': {'value': 4.4130932647149335, 'date': '2008-10-15T00:00:00', 'id': UUID('7097f4cc-6382-40f5-95a6-2949a542b99f')}, 'anotheTest': {'value': {'Value': UUID('4b2d17d7-ff9b-474a-bdd7-785d4c83bc66')}, 'date': '2008-10-15T00:00:00', 'id': UUID('428475cf-50f1-4c0a-beac-57f2c7b8e0cf')}}","{'name': 'anotheTest', 'value': {'Value': UUID('4b2d17d7-ff9b-474a-bdd7-785d4c83bc66')}, 'date': '2008-10-15T00:00:00', 'id': UUID('428475cf-50f1-4c0a-beac-57f2c7b8e0cf')}","86c84355-6a74-4400-a807-1ebd3d0d60e7","7832003812","4.4130932647149335","{'Value': UUID('4b2d17d7-ff9b-474a-bdd7-785d4c83bc66')}","","","","","","","","","","","","","","",""
